,이용일,금액,대분류,중분류,소분류
0,2018-01-02,1500,생활,편의점,세븐일레븐
1,2018-01-02,4500,식사,한식,
2,2018-01-03,3200,의료,병원,
3,2018-01-03,3300,의료,약국,
4,2018-01-03,1500,생활,편의점,세븐일레븐
5,2018-01-04,1500,생활,편의점,세븐일레븐
6,2018-01-05,5940,기타,,
7,2018-01-05,9400,식사,카페,할리스
8,2018-01-06,23100,식사,카페,카페디엠
9,2018-01-07,13900,생활,마트,홈플러스
10,2018-01-07,9500,식사,떡볶이,
11,2018-01-07,11800,식사,순대,
12,2018-01-08,4500,식사,한식,
13,2018-01-08,19000,식사,한식,
14,2018-01-09,16000,식사,구이,
15,2018-01-10,6000,식사,중식,
16,2018-01-11,2000,생활,편의점,세븐일레븐
17,2018-01-11,4500,식사,한식,
18,2018-01-12,17000,교통,지하철 19,
19,2018-01-12,-1700,기타,할인,
20,2018-01-12,24000,식사,한식,
21,2018-01-13,16000,식사,한식,
22,2018-01-13,20000,식사,치킨,호식이두마리
23,2018-01-14,5000,식사,카페,메가퀸즈
24,2018-01-15,4500,식사,한식,
25,2018-01-15,300,생활,SMS,
26,2018-01-15,36100,교통,버스 20,
27,2018-01-15,-300,기타,할인,
28,2018-01-16,6000,식사,한식,
29,2018-01-17,4500,식사,한식,
30,2018-01-18,6000,식사,한식,
31,2018-01-20,16500,식사,중식,
32,2018-01-21,3000,식사,카페,메가퀸즈
33,2018-01-21,13500,식사,한식,
34,2018-01-22,7000,식사,한식,
35,2018-01-23,1800,생활,편의점,세븐일레븐
36,2018-01-24,6500,식사,중식,
37,2018-01-25,6000,식사,구이,
38,2018-01-26,6000,식사,구이,
39,2018-01-27,40000,생활,헤어,
40,2018-01-28,8300,식사,카페,카페디엠
41,2018-01-29,6000,식사,구이,
42,2018-01-30,4000,의료,약국,
43,2018-01-30,5280,생활,마트,롯데마트
44,2018-01-30,7000,식사,한식,
45,2018-01-30,12000,식사,닭강정,
46,2018-01-31,45100,교통,버스 25,
47,2018-01-31,2000,생활,편의점,세븐일레븐
48,2018-01-31,20350,교통,지하철 23,
49,2018-01-31,6000,식사,한식,
50,2018-02-01,7000,식사,구이,
51,2018-02-02,1700,생활,편의점,세븐일레븐
52,2018-02-02,7000,식사,한식,
53,2018-02-05,4500,식사,한식,
54,2018-02-06,2000,생활,편의점,세븐일레븐
55,2018-02-06,7000,식사,한식,
56,2018-02-06,13500,식사,닭강정,
57,2018-02-07,6500,식사,순대,
58,2018-02-08,2000,생활,편의점,세븐일레븐
59,2018-02-08,7000,식사,순대,
60,2018-02-09,5000,식사,한식,
61,2018-02-09,8000,교통,기차,
62,2018-02-09,5300,교통,기차,
63,2018-02-11,13000,식사,돈까스,
64,2018-02-11,10200,식사,디저트,
65,2018-02-12,7000,식사,순대,
66,2018-02-13,7500,식사,한식,
67,2018-02-13,15650,교통,지하철 18,
68,2018-02-13,-1565,기타,할인,
69,2018-02-13,33200,교통,버스 17,
70,2018-02-13,-435,기타,할인,
71,2018-02-14,2000,생활,마트,웰빙마트
72,2018-02-14,9000,생활,마트,웰빙마트
73,2018-02-14,4900,식사,햄버거,맥도날드
74,2018-02-15,3000,생활,오피스,다이소
75,2018-02-17,16000,식사,한식,
76,2018-02-18,42600,식사,레스토랑,
77,2018-02-20,2000,생활,편의점,세븐일레븐
78,2018-02-20,6000,식사,한식,
79,2018-02-21,7000,식사,한식,
80,2018-02-22,2000,생활,편의점,세븐일레븐
81,2018-02-22,5000,식사,한식,
82,2018-02-23,7000,식사,한식,
83,2018-02-23,13000,식사,닭강정,
84,2018-02-24,5790,생활,마트,홈플러스
85,2018-02-24,9500,식사,카페,파스쿠찌
86,2018-02-25,6000,식사,카페,요거프레소
87,2018-02-25,5500,식사,떡볶이,
88,2018-02-26,6000,식사,구이,
89,2018-02-27,2000,생활,편의점,세븐일레븐
90,2018-02-27,117500,식사,피자,
91,2018-02-27,7000,식사,한식,
92,2018-02-28,32050,교통,버스 17,
93,2018-02-28,16500,교통,지하철 18,
94,2018-02-28,2000,생활,편의점,GS25
95,2018-04-01,20000,식사,치킨,호식이두마리
96,2018-04-02,7000,식사,한식,
97,2018-04-03,6500,식사,순대,
98,2018-04-04,6000,식사,구이,
99,2018-04-05,7000,식사,구이,
100,2018-04-05,24300,식사,베트남식,
101,2018-04-05,15500,식사,카페,투썸플레이스
102,2018-04-06,1800,생활,편의점,세븐일레븐
103,2018-04-06,6900,생활,마트,롯데마트
104,2018-04-07,2500,생활,마트,홈플러스
105,2018-04-08,10000,생활,편의점,GS25
106,2018-04-08,-500,기타,할인,
107,2018-04-08,34000,식사,한식,
108,2018-04-09,6000,식사,구이,
109,2018-04-10,9050,생활,마트,웰빙마트
110,2018-04-10,1800,생활,편의점,세븐일레븐
111,2018-04-10,7500,식사,한식,
112,2018-04-11,6000,식사,한식,
113,2018-04-12,2000,생활,편의점,세븐일레븐
114,2018-04-12,7000,식사,순대,
115,2018-04-13,75400,식사,카페,커피더캠프
116,2018-04-13,19250,교통,지하철 21,
117,2018-04-13,-1925,기타,할인,
118,2018-04-13,37250,교통,버스 20,
119,2018-04-13,-75,기타,할인,
120,2018-04-13,2100,교통,고속도로,
121,2018-04-13,3500,교통,고속도로,
122,2018-04-13,7900,교통,고속도로,
123,2018-04-13,6000,식사,한식,
124,2018-04-14,13000,식사,닭강정,
125,2018-04-14,3000,기타,,
126,2018-04-15,3900,식사,햄버거,맥도날드
127,2018-04-15,4900,식사,햄버거,맥도날드
128,2018-04-15,6000,식사,카페,요거프레소
129,2018-04-16,25000,식사,한식,
130,2018-04-17,1700,생활,편의점,세븐일레븐
131,2018-04-17,6500,식사,순대,
132,2018-04-18,6000,식사,한식,
133,2018-04-19,2200,생활,편의점,GS25
134,2018-04-19,4900,생활,마트,롯데마트
135,2018-04-20,1800,생활,편의점,세븐일레븐
136,2018-04-20,1470,생활,마트,우리할인마트
137,2018-04-20,5000,식사,한식,
138,2018-04-20,10000,식사,떡볶이,
139,2018-04-21,17000,식사,치킨,계향치킨
140,2018-04-23,7000,식사,구이,
141,2018-04-23,4000,의료,약국,
142,2018-04-24,2000,생활,편의점,세븐일레븐
143,2018-04-24,26000,식사,한식,
144,2018-04-24,6000,식사,한식,
145,2018-04-25,6500,식사,중식,
146,2018-04-26,1800,생활,편의점,세븐일레븐
147,2018-04-26,6000,식사,한식,
148,2018-04-26,980,생활,마트,우리할인마트
149,2018-04-27,7000,식사,한식,
150,2018-04-28,27000,식사,한식,
151,2018-04-28,3500,식사,카페,커피앤티
152,2018-04-29,3000,생활,마트,홈플러스
153,2018-04-29,4000,식사,카페,아이스달달
154,2018-04-30,29750,교통,지하철 30,
155,2018-04-30,45500,교통,버스 23,
156,2018-06-01,8000,식사,중식,
157,2018-06-02,55000,쇼핑,패션,스위스
158,2018-06-02,1300,기타,,
159,2018-06-02,13000,생활,헤어,
160,2018-06-02,3000,생활,마트,웰빙마트
161,2018-06-03,13300,쇼핑,온라인,쿠팡
162,2018-06-04,28800,식사,구이,
163,2018-06-04,7000,식사,한식,
164,2018-06-05,6000,식사,한식,
165,2018-06-05,2300,생활,편의점,세븐일레븐
166,2018-06-06,6000,생활,마트,홈플러스
167,2018-06-06,30000,쇼핑,온라인,인터파크
168,2018-06-06,10000,식사,떡볶이,
169,2018-06-06,13000,식사,닭강정,
170,2018-06-07,29000,식사,한식,
171,2018-06-07,5000,식사,한식,
172,2018-06-07,1000,식사,한식,
173,2018-06-08,2300,생활,마트,이마트
174,2018-06-08,6300,식사,디저트,
175,2018-06-08,9000,식사,중식,
176,2018-06-09,5000,식사,카페,커피앤티
177,2018-06-11,5000,식사,구이,
178,2018-06-12,8200,식사,카페,스타벅스
179,2018-06-12,6000,식사,구이,
180,2018-06-14,4100,생활,편의점,세븐일레븐
181,2018-06-14,2000,문화,게임,
182,2018-06-14,7000,식사,한식,
183,2018-06-14,28600,식사,한식,
184,2018-06-15,7000,식사,한식,
185,2018-06-15,23400,교통,지하철 24,
186,2018-06-15,-2000,기타,할인,
187,2018-06-15,46000,교통,버스 23,
188,2018-06-15,1800,생활,편의점,세븐일레븐
189,2018-06-15,1850,생활,마트,우리할인마트
190,2018-06-16,13000,식사,닭강정,
191,2018-06-16,32000,식사,한식,
192,2018-06-16,6100,생활,편의점,GS25
193,2018-06-17,19000,식사,카페,우리동네행복한커피집
194,2018-06-17,-19000,식사,카페,우리동네행복한커피집
195,2018-06-17,28000,식사,카페,우리동네행복한커피집
196,2018-06-18,50000,식사,한식,
197,2018-06-18,2000,생활,편의점,세븐일레븐
198,2018-06-18,4900,생활,마트,롯데마트
199,2018-06-19,6000,식사,한식,
200,2018-06-20,5000,식사,한식,
201,2018-06-21,1800,생활,편의점,세븐일레븐
202,2018-06-21,7000,식사,구이,
203,2018-06-22,6500,식사,순대,
204,2018-06-22,3500,식사,카페,커피베이
205,2018-06-23,10000,문화,도서,교보문고
206,2018-06-23,74800,생활,마트,롯데마트
207,2018-06-24,3960,생활,마트,웰빙마트
208,2018-06-24,99000,생활,마트,AK
209,2018-06-24,9900,생활,마트,AK
210,2018-06-24,9900,생활,마트,AK
211,2018-06-25,1300,생활,편의점,세븐일레븐
212,2018-06-25,6000,식사,구이,
213,2018-06-26,2000,생활,편의점,세븐일레븐
214,2018-06-26,9000,식사,한식,
215,2018-06-27,13000,식사,닭강정,
216,2018-06-27,7000,식사,한식,
217,2018-06-28,8400,생활,편의점,세븐일레븐
218,2018-06-28,5000,식사,한식,
219,2018-06-28,20000,식사,치킨,CF숯불바베큐
220,2018-06-28,2300,생활,마트,건영마트
221,2018-06-28,2300,생활,마트,이마트
222,2018-06-29,6900,생활,마트,롯데마트
223,2018-06-29,1300,생활,편의점,GS25
224,2018-06-29,20450,교통,지하철 21,
225,2018-06-29,5000,식사,카페,카페디엠
226,2018-06-29,2200,생활,마트,이마트
227,2018-06-30,54500,교통,버스 29,
228,2018-06-30,4500,식사,카페,커피앤티
229,2018-07-01,25500,식사,레스토랑,
230,2018-07-01,25400,식사,카페,커피베이
231,2018-07-02,7000,식사,순대,
232,2018-07-03,-1980,기타,할인,
233,2018-07-03,39600,문화,도서,교보문고
234,2018-07-03,-537,기타,포인트사용,
235,2018-07-03,7500,식사,중식,
236,2018-07-03,103400,식사,피자,
237,2018-07-03,2000,식사,카페,빽다방
238,2018-07-04,10700,생활,마트,홈플러스
239,2018-07-04,50000,식사,카페,스타벅스
240,2018-07-04,13000,식사,닭강정,
241,2018-07-05,9900,생활,마트,홈플러스
242,2018-07-05,4500,식사,카페,메가퀸즈
243,2018-07-06,11100,의료,한의원,
244,2018-07-07,24000,식사,한식,
245,2018-07-07,8800,의료,한의원,
246,2018-07-08,6500,교통,휴게소,
247,2018-07-08,3000,교통,휴게소,
248,2018-07-10,119600,교통,기차,
249,2018-07-10,-119600,교통,기차,
250,2018-07-10,92600,교통,기차,
251,2018-07-10,10500,의료,한의원,
252,2018-07-11,2048000,쇼핑,온라인,G마켓
253,2018-07-11,8000,의료,한의원,
254,2018-07-11,11900,식사,디저트,
255,2018-07-11,13000,식사,닭강정,
256,2018-07-12,1400,생활,편의점,GS25
257,2018-07-12,3800,식사,카페,카페7그램
258,2018-07-12,5200,교통,기차,
259,2018-07-12,20000,식사,한식,
260,2018-07-13,50000,식사,카페,스타벅스
261,2018-07-13,7500,식사,디저트,
262,2018-07-14,19150,교통,버스 14,
263,2018-07-14,15500,식사,한식,
264,2018-07-14,18000,식사,치킨,CF숯불바베큐
265,2018-07-14,-2000,기타,할인,
266,2018-07-14,21550,교통,지하철 18,
267,2018-07-14,20700,의료,한의원,
268,2018-07-16,4000,기타,,
269,2018-07-16,19000,식사,순대,
270,2018-07-17,17300,의료,한의원,
271,2018-07-17,13000,식사,닭강정,
272,2018-07-18,34300,쇼핑,온라인,옥션
273,2018-07-18,20000,문화,도서,교보문고
274,2018-07-18,-1000,기타,할인,
275,2018-07-18,-1685,기타,포인트사용,
276,2018-07-19,59000,생활,마트,홈플러스
277,2018-07-19,26000,식사,돈까스,
278,2018-07-20,10000,식사,디저트,
279,2018-07-21,4800,식사,카페,달콤커피
280,2018-07-22,1300,생활,마트,웰빙마트
281,2018-07-22,6600,생활,편의점,스토리웨이
282,2018-07-22,2000,생활,편의점,미니스톱
283,2018-07-22,40000,식사,족발,
284,2018-07-23,4600,생활,편의점,CU
285,2018-07-23,4800,문화,게임,
286,2018-07-23,4000,문화,게임,
287,2018-07-24,9900,식사,카페,카페디엠
288,2018-07-24,16000,식사,한식,
289,2018-07-25,30000,문화,도서,교보문고
290,2018-07-25,7000,식사,디저트,
291,2018-07-25,-1500,기타,할인,
292,2018-07-26,2000,의료,약국,
293,2018-07-26,4900,식사,디저트,
294,2018-07-27,8500,식사,카페,요거프레소
295,2018-07-27,28000,식사,한식,
296,2018-07-28,12000,식사,한식,
297,2018-07-31,20450,교통,버스 9,
298,2018-07-31,51300,교통,지하철 26,
299,2018-07-31,23000,식사,베트남식,
300,2018-08-02,5700,교통,지하철 2,
301,2018-08-02,-385,기타,할인,
302,2018-08-03,6000,생활,오피스,다이소
303,2018-08-04,32000,식사,족발,
304,2018-08-04,4950,식사,카페,카페베네
305,2018-08-05,5100,생활,마트,슈퍼나라
306,2018-08-05,10000,식사,카페,카페디엠
307,2018-08-05,7700,식사,카페,커피베이
308,2018-08-06,14600,교통,버스 8,
309,2018-08-10,6800,식사,카페,커피베이
310,2018-08-11,24000,식사,중식,
311,2018-08-12,13000,식사,한식,
312,2018-08-12,21500,식사,베트남식,
313,2018-08-13,20000,식사,돈까스,
314,2018-08-13,300000,생활,마트,롯데마트
315,2018-08-13,4700,생활,편의점,GS25
316,2018-08-14,7000,식사,순대,
317,2018-08-14,8900,식사,카페,투썸플레이스
318,2018-08-15,22000,식사,일식,
319,2018-08-15,20000,식사,돈까스,
320,2018-08-15,-760,기타,할인,
321,2018-08-15,3000,생활,편의점,GS25
322,2018-08-15,-855,기타,할인,
323,2018-08-15,8550,교통,지하철 5,
324,2018-08-15,7600,교통,버스 4,
325,2018-08-16,12020,생활,마트,홈플러스
326,2018-08-16,8000,식사,한식,
327,2018-08-16,13000,식사,닭강정,
328,2018-08-17,5500,식사,카페,커피빈
329,2018-08-17,9600,식사,카페,커피빈
330,2018-08-18,22000,식사,치킨,호식이두마리
331,2018-08-18,2800,식사,카페,커피베이
332,2018-08-20,5300,식사,카페,스타벅스
333,2018-08-20,30000,식사,한식,
334,2018-08-22,9800,식사,순대,
335,2018-08-22,7000,식사,카페,폴바셋
336,2018-08-22,2000,생활,마트,홈플러스
337,2018-08-23,500000,생활,마트,롯데마트
338,2018-08-25,5600,식사,카페,이디야
339,2018-08-25,16000,식사,만두,
340,2018-08-26,2400,생활,마트,건영마트
341,2018-08-26,3000,식사,카페,커피베이
342,2018-08-28,5300,식사,카페,스타벅스
343,2018-08-28,4600,식사,카페,스타벅스
344,2018-08-29,12980,생활,마트,홈플러스
345,2018-08-30,39800,유흥,술,
346,2018-08-30,11800,교통,지하철 7,
347,2018-08-30,6000,식사,카페,커피빈
348,2018-08-30,4000,식사,카페,커피빈
349,2018-08-31,48000,교통,버스 20,
350,2018-09-01,3800,식사,카페,스타벅스
351,2018-09-01,6300,생활,마트,웰빙마트
352,2018-09-02,10000,식사,카페,카페디엠
353,2018-09-04,3000,생활,편의점,바이더웨이
354,2018-09-05,1800,생활,편의점,바이더웨이
355,2018-09-09,3300,식사,카페,커피베이
356,2018-09-15,2950,교통,지하철 3,
357,2018-09-15,-295,기타,할인,
358,2018-09-15,55200,교통,버스 23,
359,2018-09-15,-1705,기타,할인,
360,2018-09-15,28800,식사,피자,
361,2018-09-15,7400,생활,마트,웰빙마트
362,2018-09-16,39000,식사,족발,
363,2018-09-17,300,생활,SMS,
364,2018-09-18,-2500,기타,할인,
365,2018-09-18,-29,기타,포인트사용,
366,2018-09-18,52000,문화,도서,교보문고
367,2018-09-20,2300,생활,편의점,바이더웨이
368,2018-09-20,2000,식사,카페,쥬씨
369,2018-09-22,4000,의료,병원,
370,2018-09-22,9900,의료,약국,
371,2018-09-22,13000,식사,닭강정,
372,2018-09-25,21500,식사,한식,
373,2018-09-25,149000,생활,마트,홈플러스
374,2018-09-25,9600,식사,카페,탐앤탐스
375,2018-09-26,22000,식사,구이,
376,2018-09-27,11200,교통,지하철 5,
377,2018-09-28,27850,교통,버스 14,
378,2018-09-29,8300,의료,병원,
379,2018-09-29,3000,생활,오피스,다이소
380,2018-09-29,4500,의료,약국,
381,2018-09-29,2300,생활,편의점,GS25
382,2018-09-30,8500,식사,레스토랑,
383,2018-09-30,3300,식사,카페,커피베이
384,2018-10-03,22000,식사,치킨,호식이두마리
385,2018-10-03,5100,생활,편의점,포유25시
386,2018-10-06,14020,생활,마트,홈플러스
387,2018-10-06,5000,교통,지하철 4,
388,2018-10-06,-500,기타,할인,
389,2018-10-06,36000,식사,족발,
390,2018-10-06,8650,식사,카페,구스띠모
391,2018-10-06,26000,식사,중식,
392,2018-10-07,5800,생활,마트,웰빙마트
393,2018-10-07,18000,식사,돈까스,
394,2018-10-13,13000,식사,닭강정,
395,2018-10-15,45700,교통,버스 20,
396,2018-10-15,-1500,기타,할인,
397,2018-10-15,300,생활,SMS,
398,2018-10-20,29000,식사,돈까스,
399,2018-10-21,28000,식사,족발,
400,2018-10-27,12500,식사,떡볶이,
401,2018-10-29,2600,생활,편의점,바이더웨이
402,2018-10-31,60200,교통,버스 27,
403,2018-11-01,6000,의료,약국,
404,2018-11-02,2000,생활,편의점,바이더웨이
405,2018-11-03,4000,의료,병원,
406,2018-11-03,10920,의료,약국,
407,2018-11-03,5700,식사,디저트,
408,2018-11-06,1800,생활,편의점,GS25
409,2018-11-09,4000,생활,편의점,바이더웨이
410,2018-11-09,9800,생활,편의점,GS25
411,2018-11-10,28320,생활,마트,홈플러스
412,2018-11-10,8700,생활,마트,홈플러스
413,2018-11-10,13000,생활,헤어,
414,2018-11-11,5000,식사,카페,카페디엠
415,2018-11-11,1500,생활,편의점,GS25
416,2018-11-11,44000,식사,구이,
417,2018-11-13,2000,생활,편의점,GS25
418,2018-11-15,52800,교통,버스 22,
419,2018-11-15,300,생활,SMS,
420,2018-11-15,4000,식사,햄버거,맥도날드
421,2018-11-17,9900,생활,마트,홈플러스
422,2018-11-17,22000,식사,치킨,호식이두마리
423,2018-11-18,5000,생활,오피스,다이소
424,2018-11-18,6800,식사,햄버거,맘스터치
425,2018-11-18,8900,식사,피자,
426,2018-11-19,2000,생활,편의점,바이더웨이
427,2018-11-22,1200,생활,편의점,바이더웨이
428,2018-11-23,24000,식사,일식,
429,2018-11-23,2000,생활,편의점,GS25
430,2018-11-24,30000,식사,디저트,
431,2018-11-25,10000,식사,떡볶이,
432,2018-11-25,3000,식사,카페,커피베이
433,2018-11-27,1800,생활,편의점,GS25
434,2018-11-30,2000,식사,카페,빽다방
435,2018-11-30,35000,식사,순대,
436,2018-11-30,52800,교통,버스 22,
437,2018-11-30,3870,생활,편의점,GS25
438,2018-12-01,22000,식사,치킨,호식이두마리
439,2018-12-02,18480,생활,마트,홈플러스
440,2018-12-02,5000,교통,지하철 4,
441,2018-12-02,-500,기타,할인,
442,2018-12-05,21000,식사,카페,카페7그램
443,2018-12-06,2200,생활,편의점,GS25
444,2018-12-07,2000,생활,편의점,바이더웨이
445,2018-12-07,2200,생활,편의점,GS25
446,2018-12-08,102000,식사,한식,
447,2018-12-09,13500,식사,디저트,
448,2018-12-09,33800,식사,일식,
449,2018-12-12,-2500,기타,할인,
450,2018-12-12,65520,문화,도서,교보문고
451,2018-12-12,-420,기타,포인트사용,
452,2018-12-12,58000,문화,도서,교보문고
453,2018-12-12,4480,문화,도서,교보문고
454,2018-12-12,-2500,기타,할인,
455,2018-12-13,43900,식사,카페,카페7그램
456,2018-12-13,2200,생활,편의점,GS25
457,2018-12-14,48000,교통,버스 20,
458,2018-12-14,-1500,기타,할인,
459,2018-12-15,23530,생활,마트,홈플러스
460,2018-12-16,81180,생활,마트,홈플러스
461,2018-12-16,29500,생활,마트,노브랜드
462,2018-12-17,300,생활,SMS,
463,2018-12-17,7000,식사,순대,
464,2018-12-18,2000,생활,편의점,바이더웨이
465,2018-12-18,2000,생활,편의점,바이더웨이
466,2018-12-19,7000,식사,카페,빽다방
467,2018-12-19,2000,생활,편의점,바이더웨이
468,2018-12-19,7000,식사,카페,카페7그램
469,2018-12-20,2300,생활,편의점,바이더웨이
470,2018-12-20,2000,생활,편의점,바이더웨이
471,2018-12-22,7000,생활,마트,롯데마트
472,2018-12-23,9400,식사,햄버거,맥도날드
473,2018-12-23,8000,의료,약국,
474,2018-12-23,40000,식사,한식,
475,2018-12-23,3800,생활,편의점,GS25
476,2018-12-24,2300,생활,편의점,바이더웨이
477,2018-12-24,1500,식사,카페,카페7그램
478,2018-12-24,14000,식사,순대,
479,2018-12-25,13000,문화,영화,CGV
480,2018-12-25,36000,식사,레스토랑,
481,2018-12-25,6000,식사,떡볶이,
482,2018-12-25,2000,식사,디저트,
483,2018-12-25,3500,생활,편의점,미니스톱
484,2018-12-25,6350,교통,지하철 5,
485,2018-12-25,13050,식사,디저트,
486,2018-12-27,2500,생활,편의점,CU
487,2018-12-28,2000,생활,편의점,바이더웨이
488,2018-12-29,13000,식사,닭강정,
489,2018-12-29,54900,생활,마트,홈플러스
490,2018-12-29,70310,생활,마트,홈플러스
491,2018-12-29,17500,문화,도서,기독교서점
492,2018-12-29,28000,식사,족발,
493,2018-12-30,12900,식사,카페,구스띠모
494,2018-12-31,51750,교통,버스 23,
495,2018-12-31,1300,생활,편의점,바이더웨이
496,2019-01-03,2000,생활,편의점,바이더웨이
497,2019-01-04,2000,생활,편의점,바이더웨이
498,2019-01-04,4000,생활,편의점,바이더웨이
499,2019-01-05,14000,식사,닭강정,
500,2019-01-05,13000,생활,헤어,
501,2019-01-06,9800,식사,카페,요거프레소
502,2019-01-06,-9800,식사,카페,요거프레소
503,2019-01-06,9800,식사,카페,요거프레소
504,2019-01-09,2100,생활,편의점,바이더웨이
505,2019-01-09,1500,식사,카페,카페7그램
506,2019-01-09,40000,문화,도서,교보문고
507,2019-01-09,-2000,기타,할인,
508,2019-01-10,1700,생활,편의점,바이더웨이
509,2019-01-11,2600,생활,편의점,바이더웨이
510,2019-01-12,4200,교통,지하철 3,
511,2019-01-12,-420,기타,할인,
512,2019-01-13,29900,식사,디저트,
513,2019-01-15,50400,교통,버스 21,
514,2019-01-15,-1580,기타,할인,
515,2019-01-15,2100,생활,편의점,바이더웨이
516,2019-01-16,3800,생활,편의점,바이더웨이
517,2019-01-17,5400,식사,디저트,
518,2019-01-18,2000,생활,편의점,바이더웨이
519,2019-01-19,11000,기타,,
520,2019-01-19,13000,식사,카페,창의문뜰
521,2019-01-19,28000,식사,만두,
522,2019-01-19,50,교통,지하철 1,
523,2019-01-20,50700,식사,치킨,맛닭꼬
524,2019-01-20,178000,쇼핑,패션,롯데프리미엄아울렛
525,2019-01-20,-178000,쇼핑,패션,롯데프리미엄아울렛
526,2019-01-21,1700,생활,편의점,바이더웨이
527,2019-01-21,8000,식사,한식,
528,2019-01-24,2100,생활,편의점,바이더웨이
529,2019-01-25,7000,식사,순대,
530,2019-01-25,4200,식사,디저트,
531,2019-01-26,25000,식사,디저트,
532,2019-01-26,4000,생활,편의점,스토리웨이
533,2019-01-26,17060,생활,마트,롯데마트
534,2019-01-27,7500,식사,만두,
535,2019-01-27,21500,식사,피자,
536,2019-01-27,5000,식사,카페,메가퀸즈
537,2019-01-28,1400,생활,편의점,바이더웨이
538,2019-01-28,1800,식사,카페,할리스
539,2019-01-28,3400,식사,디저트,
540,2019-01-29,2000,생활,편의점,바이더웨이
541,2019-01-30,2000,생활,편의점,바이더웨이
542,2019-01-30,5700,생활,편의점,GS25
543,2019-01-31,14000,식사,카페,카페7그램
544,2019-01-31,66000,교통,버스 31,
545,2019-01-31,5000,식사,카페,바나프레소
546,2019-02-01,1700,생활,편의점,바이더웨이
547,2019-02-01,2000,생활,편의점,바이더웨이
548,2019-02-01,40300,식사,카페,카페7그램
549,2019-02-02,10900,식사,피자,
550,2019-02-03,11680,생활,마트,롯데마트
551,2019-02-03,36000,식사,햄버거,쉐이크포테이토
552,2019-02-03,15500,식사,한식,
553,2019-02-04,36520,생활,마트,이마트
554,2019-02-05,22420,생활,편의점,세븐일레븐
555,2019-02-07,2300,생활,편의점,바이더웨이
556,2019-02-08,13900,생활,편의점,세븐일레븐
557,2019-02-08,11000,식사,디저트,
558,2019-02-08,3300,식사,디저트,
559,2019-02-11,20800,기타,,
560,2019-02-11,6000,기타,,
561,2019-02-12,14300,식사,카페,스타벅스
562,2019-02-12,-2860,기타,할인,
563,2019-02-12,1400,생활,편의점,바이더웨이
564,2019-02-13,2500,생활,편의점,CU
565,2019-02-14,7000,식사,순대,
566,2019-02-14,3300,식사,디저트,
567,2019-02-15,8900,교통,지하철 6,
568,2019-02-15,-890,기타,할인,
569,2019-02-15,34850,교통,버스 15,
570,2019-02-15,-1110,기타,할인,
571,2019-02-15,2000,생활,편의점,바이더웨이
572,2019-02-16,53000,생활,마트,AK
573,2019-02-16,16000,식사,구이,
574,2019-02-16,1250,교통,지하철 1,
575,2019-02-16,10500,식사,카페,카페베네
576,2019-02-17,21700,식사,햄버거,맥도날드
577,2019-02-17,18450,식사,디저트,
578,2019-02-17,20500,식사,카페,요거프레소
579,2019-02-17,6800,식사,카페,커피베이
580,2019-02-17,28000,식사,한식,
581,2019-02-18,3300,식사,디저트,
582,2019-02-19,1800,생활,편의점,바이더웨이
583,2019-02-20,2950,생활,편의점,바이더웨이
584,2019-02-21,3300,식사,디저트,
585,2019-02-23,13000,식사,닭강정,
586,2019-02-23,9780,생활,마트,롯데마트
587,2019-02-24,2000,식사,카페,요거프레소
588,2019-02-24,10000,식사,카페,카페디엠
589,2019-02-24,7100,식사,카페,커피베이
590,2019-02-25,1800,생활,편의점,바이더웨이
591,2019-02-26,2300,생활,편의점,바이더웨이
592,2019-02-26,4000,식사,카페,카페7그램
593,2019-02-26,1500,식사,카페,카페7그램
594,2019-02-27,2100,생활,편의점,바이더웨이
595,2019-02-27,8480,쇼핑,온라인,11번가
596,2019-02-28,2000,생활,편의점,바이더웨이
597,2019-02-28,45600,교통,버스 22,
598,2019-02-28,1500,식사,카페,카페7그램
599,2019-03-01,40000,생활,헤어,
600,2019-03-02,9800,식사,햄버거,맥도날드
601,2019-03-03,4300,식사,카페,커피베이
602,2019-03-03,18000,식사,베트남식,
603,2019-03-04,3000,식사,카페,카페7그램
604,2019-03-05,2000,생활,편의점,바이더웨이
605,2019-03-05,1800,생활,편의점,바이더웨이
606,2019-03-05,1000,생활,편의점,바이더웨이
607,2019-03-05,12500,식사,디저트,
608,2019-03-06,14000,생활,편의점,바이더웨이
609,2019-03-06,14000,생활,편의점,바이더웨이
610,2019-03-06,1500,식사,카페,카페7그램
611,2019-03-06,3500,식사,분식,
612,2019-03-07,4500,식사,카페,카페7그램
613,2019-03-08,3300,식사,디저트,
614,2019-03-09,1350,교통,지하철 2,
615,2019-03-09,-135,기타,할인,
616,2019-03-09,13000,식사,닭강정,
617,2019-03-10,3800,식사,카페,커피베이
618,2019-03-11,1500,식사,카페,카페7그램
619,2019-03-12,2500,생활,편의점,바이더웨이
620,2019-03-13,4500,식사,디저트,
621,2019-03-14,2300,생활,편의점,바이더웨이
622,2019-03-15,52250,교통,버스 22,
623,2019-03-15,-1865,기타,할인,
624,2019-03-15,1800,생활,편의점,바이더웨이
625,2019-03-15,1500,생활,편의점,GS25
626,2019-03-16,3700,교통,지하철 2,
627,2019-03-18,-2500,기타,할인,
628,2019-03-18,58000,문화,도서,교보문고
629,2019-03-18,1500,식사,카페,카페7그램
630,2019-03-18,2200,생활,편의점,바이더웨이
631,2019-03-18,7000,식사,순대,
632,2019-03-19,2500,생활,편의점,CU
633,2019-03-20,3000,식사,분식,
634,2019-03-21,3100,생활,편의점,CU
635,2019-03-22,2100,생활,편의점,바이더웨이
636,2019-03-22,2500,생활,편의점,바이더웨이
637,2019-03-22,1500,식사,카페,카페7그램
638,2019-03-24,17000,식사,만두,
639,2019-03-24,14000,식사,닭강정,
640,2019-03-24,9800,식사,카페,카페디엠
641,2019-03-25,4000,식사,한식,
642,2019-03-26,1800,생활,편의점,바이더웨이
643,2019-03-26,2100,생활,편의점,바이더웨이
644,2019-03-27,2400,생활,마트,이마트
645,2019-03-28,2300,생활,편의점,CU
646,2019-03-28,40000,문화,도서,교보문고
647,2019-03-28,-2000,기타,할인,
648,2019-03-29,49200,교통,버스 21,
649,2019-03-29,1500,식사,카페,카페7그램
650,2019-03-29,2800,생활,편의점,GS25
651,2019-03-29,29000,문화,도서,교보문고
652,2019-03-29,-1450,기타,할인,
653,2019-03-29,2200,생활,마트,이마트
654,2019-03-30,25000,식사,일식,
655,2019-03-30,14000,식사,닭강정,
656,2019-03-31,2800,식사,카페,서기커피
657,2019-03-31,3800,식사,카페,서기커피
658,2019-04-01,8800,식사,카페,스타벅스
659,2019-04-01,2000,식사,카페,카페7그램
660,2019-04-02,6050,교통,지하철 4,
661,2019-04-02,-605,기타,할인,
662,2019-04-02,2200,생활,마트,이마트
663,2019-04-03,3000,식사,카페,카페7그램
664,2019-04-03,-3600,기타,할인,
665,2019-04-03,2300,생활,편의점,CU
666,2019-04-03,-2420,기타,할인,
667,2019-04-03,12100,식사,카페,스타벅스
668,2019-04-03,18000,식사,카페,스타벅스
669,2019-04-04,1400,생활,편의점,CU
670,2019-04-04,3500,식사,분식,
671,2019-04-05,1800,생활,편의점,바이더웨이
672,2019-04-05,1500,식사,카페,카페7그램
673,2019-04-05,2400,생활,마트,이마트
674,2019-04-06,9900,쇼핑,온라인,옥션
675,2019-04-07,12600,식사,카페,서기커피
676,2019-04-07,13500,식사,카페,브릭스더커피
677,2019-04-07,10400,식사,카페,서기커피
678,2019-04-07,34400,식사,일식,
679,2019-04-07,3200,식사,디저트,
680,2019-04-07,8850,식사,디저트,
681,2019-04-08,2300,식사,카페,카페7그램
682,2019-04-08,2000,식사,카페,카페7그램
683,2019-04-09,3400,식사,디저트,
684,2019-04-10,6900,식사,햄버거,롯데리아
685,2019-04-11,2000,생활,편의점,CU
686,2019-04-11,3500,식사,분식,
687,2019-04-12,2400,생활,마트,이마트
688,2019-04-12,42000,식사,순대,
689,2019-04-12,2000,식사,카페,카페7그램
690,2019-04-12,1700,생활,편의점,CU
691,2019-04-13,49000,쇼핑,패션,파크랜드
692,2019-04-13,9000,쇼핑,패션,롯데프리미엄아울렛
693,2019-04-13,40600,쇼핑,패션,롯데프리미엄아울렛
694,2019-04-14,2600,생활,편의점,GS25
695,2019-04-15,5000,의료,약국,
696,2019-04-15,3500,식사,분식,
697,2019-04-15,1500,식사,카페,카페7그램
698,2019-04-15,3500,생활,편의점,CU
699,2019-04-15,50400,교통,버스 21,
700,2019-04-15,-1395,기타,할인,
701,2019-04-16,1800,생활,편의점,바이더웨이
702,2019-04-16,3500,식사,분식,
703,2019-04-17,1800,생활,편의점,바이더웨이
704,2019-04-17,2800,생활,마트,이마트
705,2019-04-18,1500,식사,카페,카페7그램
706,2019-04-18,3300,식사,디저트,
707,2019-04-19,3500,식사,분식,
708,2019-04-20,35000,식사,구이,
709,2019-04-20,60000,식사,한식,
710,2019-04-21,6500,식사,카페,요거프레소
711,2019-04-21,4800,식사,카페,요거프레소
712,2019-04-22,2000,식사,카페,카페7그램
713,2019-04-22,3300,식사,디저트,
714,2019-04-23,1800,식사,카페,카페7그램
715,2019-04-23,3500,식사,분식,
716,2019-04-23,6500,식사,디저트,
717,2019-04-24,2300,생활,편의점,CU
718,2019-04-25,1800,식사,카페,카페7그램
719,2019-04-25,1800,생활,마트,이마트
720,2019-04-26,1800,교통,고속도로,
721,2019-04-26,7000,생활,편의점,바이더웨이
722,2019-04-26,2100,생활,편의점,바이더웨이
723,2019-04-26,9600,교통,택시,
724,2019-04-26,2000,식사,카페,카페7그램
725,2019-04-26,7000,식사,순대,
726,2019-04-26,3300,생활,편의점,GS25
727,2019-04-27,1900,식사,카페,스타벅스
728,2019-04-27,4100,식사,카페,스타벅스
729,2019-04-29,1500,식사,카페,카페7그램
730,2019-04-29,3500,식사,분식,
731,2019-04-29,6000,식사,카페,빽다방
732,2019-04-30,56550,교통,버스 24,
733,2019-04-30,2000,식사,카페,카페7그램
734,2019-05-01,2000,생활,편의점,바이더웨이
735,2019-05-01,1500,식사,카페,카페7그램
736,2019-05-01,7000,식사,순대,
737,2019-05-02,1400,생활,편의점,CU
738,2019-05-02,8800,식사,카페,카페7그램
739,2019-05-02,3500,식사,분식,
740,2019-05-02,14000,식사,순대,
741,2019-05-03,2000,식사,카페,카페7그램
742,2019-05-03,2000,식사,카페,빽다방
743,2019-05-05,23500,식사,햄버거,롯데리아
744,2019-05-05,4300,식사,카페,서기커피
745,2019-05-06,11000,문화,영화,CGV
746,2019-05-06,17200,식사,햄버거,버거킹
747,2019-05-06,42000,식사,레스토랑,
748,2019-05-06,94800,쇼핑,패션,무인양품
749,2019-05-06,70000,기타,,
750,2019-05-07,2000,생활,편의점,바이더웨이
751,2019-05-07,2000,식사,카페,카페7그램
752,2019-05-07,2000,생활,마트,이마트
753,2019-05-08,1500,생활,편의점,GS25
754,2019-05-08,3500,식사,분식,
755,2019-05-08,2000,식사,카페,카페7그램
756,2019-05-09,1500,식사,카페,카페7그램
757,2019-05-09,2000,식사,카페,카페7그램
758,2019-05-09,3300,식사,디저트,
759,2019-05-10,3800,식사,카페,카페7그램
760,2019-05-11,5200,문화,도서,알라딘
761,2019-05-11,53000,기타,,
762,2019-05-11,28000,기타,,
763,2019-05-11,94800,생활,마트,롯데마트
764,2019-05-11,30000,생활,마트,롯데마트
765,2019-05-11,-250,기타,할인,
766,2019-05-11,2500,교통,지하철 2,
767,2019-05-11,9900,생활,마트,AK
768,2019-05-11,31000,식사,레스토랑,
769,2019-05-12,6500,식사,카페,요거프레소
770,2019-05-13,1500,식사,카페,카페7그램
771,2019-05-13,3500,식사,분식,
772,2019-05-14,5400,식사,카페,스타벅스
773,2019-05-14,3200,생활,마트,이마트
774,2019-05-15,31000,식사,한식,
775,2019-05-15,1500,식사,카페,카페7그램
776,2019-05-15,2300,생활,마트,이마트
777,2019-05-15,53200,교통,버스 23,
778,2019-05-15,-1750,기타,할인,
779,2019-05-16,4000,생활,편의점,바이더웨이
780,2019-05-16,2000,식사,카페,카페7그램
781,2019-05-17,1900,식사,카페,카페7그램
782,2019-05-17,2000,식사,카페,카페7그램
783,2019-05-17,3500,식사,분식,
784,2019-05-18,11000,생활,마트,롯데마트
785,2019-05-18,30000,기타,,
786,2019-05-18,23000,식사,레스토랑,
787,2019-05-18,34000,식사,족발,
788,2019-05-19,14900,식사,카페,서기커피
789,2019-05-19,9900,생활,마트,홈플러스
790,2019-05-20,2000,식사,카페,카페7그램
791,2019-05-20,3300,식사,디저트,
792,2019-05-21,2000,식사,카페,카페7그램
793,2019-05-21,3700,생활,마트,이마트
794,2019-05-22,4000,식사,분식,
795,2019-05-22,2000,식사,카페,카페7그램
796,2019-05-23,1400,생활,마트,이마트
797,2019-05-23,3500,식사,분식,
798,2019-05-24,2000,생활,편의점,세븐일레븐
799,2019-05-24,2000,식사,카페,카페7그램
800,2019-05-24,1900,식사,카페,카페7그램
801,2019-05-25,5000,생활,마트,AK
802,2019-05-25,5100,교통,지하철 4,
803,2019-05-25,6050,식사,디저트,
804,2019-05-25,31800,생활,마트,롯데마트
805,2019-05-25,32800,식사,레스토랑,
806,2019-05-25,30000,기타,,
807,2019-05-25,25000,식사,일식,
808,2019-05-25,5800,생활,마트,AK
809,2019-05-26,3800,식사,카페,서기커피
810,2019-05-26,2500,생활,마트,웰빙마트
811,2019-05-26,3000,식사,카페,서기커피
812,2019-05-26,10000,식사,카페,카페디엠
813,2019-05-26,3000,식사,카페,요거프레소
814,2019-05-27,1500,식사,카페,카페7그램
815,2019-05-27,2400,생활,마트,이마트
816,2019-05-28,3300,생활,마트,이마트
817,2019-05-29,2000,식사,카페,카페7그램
818,2019-05-29,3500,식사,분식,
819,2019-05-29,2300,생활,마트,이마트
820,2019-05-30,3500,식사,분식,
821,2019-05-31,60000,교통,버스 26,
822,2019-05-31,4700,생활,편의점,GS25
823,2019-06-01,34800,생활,마트,홈플러스
824,2019-06-01,17000,식사,닭강정,
825,2019-06-01,109000,쇼핑,온라인,쿠팡
826,2019-06-02,19500,식사,돈까스,
827,2019-06-02,28000,식사,족발,
828,2019-06-03,2000,식사,카페,카페7그램
829,2019-06-03,3500,식사,분식,
830,2019-06-03,8000,식사,한식,
831,2019-06-04,3400,생활,편의점,GS25
832,2019-06-04,3900,식사,카페,커피코트
833,2019-06-05,2000,식사,카페,카페7그램
834,2019-06-05,3900,식사,카페,커피코트
835,2019-06-06,31000,식사,카페,스타벅스
836,2019-06-06,-4000,기타,할인,
837,2019-06-06,32000,생활,마트,AK
838,2019-06-07,3900,식사,디저트,
839,2019-06-07,6600,식사,햄버거,롯데리아
840,2019-06-07,1800,생활,편의점,바이더웨이
841,2019-06-07,1000,생활,편의점,CU
842,2019-06-07,3600,교통,기차,
843,2019-06-08,10000,식사,카페,띠아모커피
844,2019-06-09,5000,생활,편의점,GS25
845,2019-06-10,3100,생활,편의점,CU
846,2019-06-10,1500,식사,카페,카페7그램
847,2019-06-11,2000,식사,카페,카페7그램
848,2019-06-11,11700,식사,카페,커피코트
849,2019-06-12,2500,생활,편의점,GS25
850,2019-06-12,3500,식사,분식,
851,2019-06-13,5000,생활,편의점,GS25
852,2019-06-14,1800,생활,편의점,바이더웨이
853,2019-06-14,2000,식사,카페,카페7그램
854,2019-06-14,1800,생활,편의점,미니스톱
855,2019-06-14,64200,유흥,술,
856,2019-06-15,5000,생활,편의점,GS25
857,2019-06-15,25000,생활,전자,애플
858,2019-06-15,1000,생활,편의점,세븐일레븐
859,2019-06-15,14000,식사,닭강정,
860,2019-06-15,45450,교통,버스 21,
861,2019-06-15,10500,교통,지하철 8,
862,2019-06-15,-950,기타,할인,
863,2019-06-15,-1050,기타,할인,
864,2019-06-16,432330,쇼핑,온라인,옥션
865,2019-06-17,1800,생활,편의점,바이더웨이
866,2019-06-17,2000,식사,카페,카페7그램
867,2019-06-18,5520,생활,편의점,바이더웨이
868,2019-06-18,5000,식사,카페,빽다방
869,2019-06-18,2300,생활,마트,이마트
870,2019-06-19,16000,식사,한식,
871,2019-06-19,3500,식사,분식,
872,2019-06-20,3900,식사,카페,커피코트
873,2019-06-20,2000,식사,카페,카페7그램
874,2019-06-21,3600,교통,기차,
875,2019-06-21,10500,식사,카페,스타벅스
876,2019-06-21,-2100,기타,할인,
877,2019-06-21,2000,생활,편의점,바이더웨이
878,2019-06-21,1500,식사,카페,카페7그램
879,2019-06-21,36000,식사,카페,카페7그램
880,2019-06-21,8500,식사,카페,빽다방
881,2019-06-22,5000,생활,편의점,GS25
882,2019-06-22,7400,교통,기차,
883,2019-06-22,6420,생활,마트,이마트
884,2019-06-24,3500,식사,분식,
885,2019-06-24,40000,문화,도서,교보문고
886,2019-06-24,-2000,기타,할인,
887,2019-06-25,2000,식사,카페,카페7그램
888,2019-06-25,3900,식사,카페,커피코트
889,2019-06-26,5000,생활,편의점,GS25
890,2019-06-26,6500,식사,디저트,
891,2019-06-27,4500,식사,카페,빽다방
892,2019-06-27,3600,교통,기차,
893,2019-06-27,9500,식사,카페,빽다방
894,2019-06-28,3600,교통,기차,
895,2019-06-28,48000,교통,버스 20,
896,2019-06-28,7000,식사,분식,
897,2019-06-29,5000,생활,편의점,GS25
898,2019-06-29,2500,생활,편의점,교내편의점
899,2019-06-29,45000,문화,도서,교보문고
900,2019-06-29,-3600,교통,기차,
901,2019-06-29,3850,교통,지하철 3,
902,2019-06-29,-2250,기타,할인,
903,2019-07-01,1700,생활,편의점,CU
904,2019-07-02,3500,식사,분식,
905,2019-07-03,176000,쇼핑,온라인,옥션
906,2019-07-03,1900,식사,카페,카페7그램
907,2019-07-03,2400,생활,마트,이마트
908,2019-07-05,1800,생활,편의점,바이더웨이
909,2019-07-05,1900,식사,카페,카페7그램
910,2019-07-05,6900,식사,순대,
911,2019-07-06,13200,식사,햄버거,롯데리아
912,2019-07-06,11000,식사,카페,카페베네
913,2019-07-06,25000,식사,일식,
914,2019-07-06,1200,생활,편의점,GS25
915,2019-07-06,4000,식사,떡볶이,
916,2019-07-07,17800,식사,디저트,
917,2019-07-07,53000,식사,한식,
918,2019-07-07,-415,기타,할인,
919,2019-07-07,4150,교통,지하철 4,
920,2019-07-08,1900,식사,카페,카페7그램
921,2019-07-10,4326850,생활,전자,애플
922,2019-07-11,2000,식사,카페,카페7그램
923,2019-07-12,2000,생활,편의점,바이더웨이
924,2019-07-12,41600,통신,,
925,2019-07-12,2000,식사,카페,카페7그램
926,2019-07-13,8000,생활,마트,웰빙마트
927,2019-07-13,15000,식사,한식,
928,2019-07-14,3500,식사,카페,요거프레소
929,2019-07-14,2000,식사,카페,요거프레소
930,2019-07-14,8700,식사,햄버거,버거킹
931,2019-07-14,20200,식사,햄버거,롯데리아
932,2019-07-15,3500,식사,분식,
933,2019-07-15,55400,교통,버스 24,
934,2019-07-15,-1585,기타,할인,
935,2019-07-17,3500,생활,편의점,바이더웨이
936,2019-07-17,7200,쇼핑,온라인,쿠팡
937,2019-07-18,2000,식사,카페,카페7그램
938,2019-07-19,8000,식사,카페,아리스타커피
939,2019-07-20,11200,식사,카페,스타벅스
940,2019-07-20,-2240,기타,할인,
941,2019-07-20,6000,생활,오피스,다이소
942,2019-07-20,29500,식사,레스토랑,
943,2019-07-20,4700,생활,마트,웰빙마트
944,2019-07-20,12900,쇼핑,패션,스파오
945,2019-07-21,3300,식사,카페,서기커피
946,2019-07-22,7000,식사,순대,
947,2019-07-23,2000,식사,카페,카페7그램
948,2019-07-25,7000,식사,카페,빽다방
949,2019-07-25,2300,생활,마트,이마트
950,2019-07-25,16000,식사,한식,
951,2019-07-26,-41600,통신,,
952,2019-07-27,44800,생활,전자,애플
953,2019-07-27,6600,식사,카페,서기커피
954,2019-07-28,5250,교통,지하철 4,
955,2019-07-28,18000,식사,베트남식,
956,2019-07-28,18900,식사,햄버거,롯데리아
957,2019-07-29,10200,쇼핑,온라인,쿠팡
958,2019-07-30,3500,생활,편의점,바이더웨이
959,2019-07-30,46000,쇼핑,온라인,쿠팡
960,2019-07-31,63650,교통,버스 26,
961,2019-07-31,2000,식사,카페,카페7그램
962,2019-08-01,2000,생활,편의점,바이더웨이
963,2019-08-01,3500,식사,분식,
964,2019-08-02,12600,식사,카페,카페7그램
965,2019-08-02,16500,식사,분식,
966,2019-08-02,74000,식사,일식,
967,2019-08-02,1400,생활,마트,이마트
968,2019-08-03,5040,생활,마트,이마트
969,2019-08-04,4300,식사,카페,서기커피
970,2019-08-04,3800,식사,카페,서기커피
971,2019-08-04,28000,식사,닭강정,
972,2019-08-05,2000,식사,카페,카페7그램
973,2019-08-06,2000,식사,카페,카페7그램
974,2019-08-07,3500,식사,분식,
975,2019-08-08,38000,식사,카페,스타벅스
976,2019-08-08,-4000,기타,할인,
977,2019-08-08,2000,생활,편의점,바이더웨이
978,2019-08-09,2000,식사,카페,카페7그램
979,2019-08-09,2000,생활,편의점,바이더웨이
980,2019-08-09,1800,생활,편의점,바이더웨이
981,2019-08-10,16600,식사,카페,스타벅스
982,2019-08-10,-3320,기타,할인,
983,2019-08-10,4600,식사,카페,스타벅스
984,2019-08-10,3500,교통,지하철 2,
985,2019-08-10,-350,기타,할인,
986,2019-08-11,12400,식사,햄버거,맘스터치
987,2019-08-11,4300,식사,카페,서기커피
988,2019-08-11,15100,식사,카페,요거프레소
989,2019-08-11,-2440,기타,할인,
990,2019-08-11,12200,식사,카페,스타벅스
991,2019-08-11,16500,문화,음악,
992,2019-08-11,20030,식사,디저트,
993,2019-08-12,2000,식사,카페,카페7그램
994,2019-08-13,41600,통신,,
995,2019-08-14,2000,식사,카페,카페7그램
996,2019-08-14,1900,식사,카페,카페7그램
997,2019-08-14,2300,생활,마트,이마트
998,2019-08-14,48000,교통,버스 20,
999,2019-08-14,-1650,기타,할인,
1000,2019-08-15,14000,식사,닭강정,
1001,2019-08-15,27000,식사,일식,
1002,2019-08-16,2000,식사,카페,카페7그램
1003,2019-08-16,34400,식사,카페,카페7그램
1004,2019-08-16,1800,식사,카페,카페7그램
1005,2019-08-17,12000,쇼핑,패션,롯데프리미엄아울렛
1006,2019-08-17,43600,쇼핑,패션,롯데프리미엄아울렛
1007,2019-08-18,12600,식사,카페,스타벅스
1008,2019-08-18,-2520,기타,할인,
1009,2019-08-18,4600,생활,편의점,미니스톱
1010,2019-08-18,3000,식사,카페,서기커피
1011,2019-08-19,5000,생활,편의점,CU
1012,2019-08-19,4000,식사,카페,카페7그램
1013,2019-08-19,2800,식사,카페,카페7그램
1014,2019-08-20,7000,식사,한식,
1015,2019-08-21,1000,식사,분식,
1016,2019-08-21,5000,의료,약국,
1017,2019-08-21,2500,식사,분식,
1018,2019-08-22,6020,생활,편의점,바이더웨이
1019,2019-08-23,2000,식사,카페,카페7그램
1020,2019-08-23,5000,생활,마트,이마트
1021,2019-08-24,4000,의료,약국,
1022,2019-08-24,10000,문화,영화,CGV
1023,2019-08-25,26800,식사,햄버거,맘스터치
1024,2019-08-26,1783900,쇼핑,온라인,11번가
1025,2019-08-27,2000,식사,카페,카페7그램
1026,2019-08-28,12000,쇼핑,온라인,쿠팡
1027,2019-08-29,4200,식사,카페,카페7그램
1028,2019-08-29,2000,식사,카페,카페7그램
1029,2019-08-29,14000,식사,순대,
1030,2019-08-29,26400,문화,도서,교보문고
1031,2019-08-29,-1320,기타,할인,
1032,2019-08-29,48600,문화,도서,교보문고
1033,2019-08-29,-2430,기타,할인,
1034,2019-08-30,4500,식사,디저트,
1035,2019-08-31,60700,교통,버스 29,
1036,2019-08-31,11900,식사,피자,
1037,2019-09-02,7000,식사,순대,
1038,2019-09-02,1100,생활,편의점,GS25
1039,2019-09-03,1800,생활,편의점,바이더웨이
1040,2019-09-03,2000,식사,카페,카페7그램
1041,2019-09-05,2600,생활,편의점,바이더웨이
1042,2019-09-05,1500,식사,카페,카페7그램
1043,2019-09-05,8500,식사,카페,빽다방
1044,2019-09-06,10300,식사,디저트,
1045,2019-09-06,1700,생활,편의점,CU
1046,2019-09-08,27000,기타,,
1047,2019-09-08,99000,기타,,
1048,2019-09-09,4000,의료,약국,
1049,2019-09-10,2000,식사,카페,카페7그램
1050,2019-09-10,2200,생활,마트,이마트
1051,2019-09-11,2300,생활,편의점,CU
1052,2019-09-11,41600,통신,,
1053,2019-09-11,12000,생활,편의점,바이더웨이
1054,2019-09-12,2800,생활,마트,롯데마트
1055,2019-09-14,22500,유흥,술,
1056,2019-09-15,13700,생활,마트,홈플러스
1057,2019-09-15,2950,교통,지하철 1,
1058,2019-09-15,42250,교통,버스 20,
1059,2019-09-15,-2000,기타,할인,
1060,2019-09-15,3000,생활,편의점,세븐일레븐
1061,2019-09-15,14000,식사,닭강정,
1062,2019-09-15,6800,식사,카페,커피빈
1063,2019-09-16,7000,식사,순대,
1064,2019-09-16,2600,생활,편의점,바이더웨이
1065,2019-09-16,3500,식사,분식,
1066,2019-09-17,7000,식사,한식,
1067,2019-09-17,2600,생활,편의점,바이더웨이
1068,2019-09-17,1500,식사,카페,카페7그램
1069,2019-09-18,8000,식사,한식,
1070,2019-09-18,6000,의료,약국,
1071,2019-09-19,7000,식사,레스토랑,
1072,2019-09-19,6500,식사,순대,
1073,2019-09-19,3500,식사,분식,
1074,2019-09-19,1400,생활,편의점,CU
1075,2019-09-20,2300,생활,편의점,CU
1076,2019-09-20,4000,생활,편의점,바이더웨이
1077,2019-09-20,1500,식사,카페,카페7그램
1078,2019-09-20,6500,식사,순대,
1079,2019-09-20,1500,생활,편의점,GS25
1080,2019-09-21,10430,의료,약국,
1081,2019-09-21,40000,생활,헤어,
1082,2019-09-21,5800,의료,병원,
1083,2019-09-22,34010,식사,카페,구스띠모
1084,2019-09-22,3610,식사,카페,구스띠모
1085,2019-09-23,3500,식사,분식,
1086,2019-09-23,8000,식사,카페,빽다방
1087,2019-09-24,3400,식사,디저트,
1088,2019-09-24,950,생활,편의점,CU
1089,2019-09-24,2200,생활,마트,이마트
1090,2019-09-25,1500,생활,편의점,GS25
1091,2019-09-25,6500,식사,순대,
1092,2019-09-25,1400,생활,편의점,GS25
1093,2019-09-26,2000,식사,카페,카페7그램
1094,2019-09-26,7000,식사,순대,
1095,2019-09-26,2200,생활,편의점,GS25
1096,2019-09-27,3500,식사,분식,
1097,2019-09-27,10500,식사,레스토랑,
1098,2019-09-28,4700,의료,병원,
1099,2019-09-28,12360,의료,약국,
1100,2019-09-28,12500,식사,카페,스타벅스
1101,2019-09-28,-2500,기타,할인,
1102,2019-09-28,7500,식사,카페,커피앤티
1103,2019-09-28,4500,식사,카페,커피앤티
1104,2019-09-28,6600,식사,햄버거,맘스터치
1105,2019-09-29,3800,식사,카페,서기커피
1106,2019-09-30,1700,생활,편의점,CU
1107,2019-09-30,58400,교통,버스 24,
1108,2019-10-01,2200,생활,마트,이마트
1109,2019-10-02,3000,생활,편의점,바이더웨이
1110,2019-10-02,6600,식사,햄버거,롯데리아
1111,2019-10-03,4400,의료,약국,
1112,2019-10-03,5800,의료,병원,
1113,2019-10-03,17500,식사,만두,
1114,2019-10-04,2300,생활,편의점,CU
1115,2019-10-04,7000,식사,디저트,
1116,2019-10-05,24600,문화,게임,
1117,2019-10-05,5000,문화,게임,
1118,2019-10-05,41000,식사,구이,
1119,2019-10-05,4000,의료,병원,
1120,2019-10-05,44000,의료,병원,
1121,2019-10-05,11420,의료,약국,
1122,2019-10-06,5900,교통,택시,
1123,2019-10-07,48000,식사,한식,
1124,2019-10-07,1000,생활,편의점,CU
1125,2019-10-07,3000,식사,카페,카페7그램
1126,2019-10-08,1700,생활,편의점,CU
1127,2019-10-10,7000,식사,한식,
1128,2019-10-10,2000,생활,편의점,CU
1129,2019-10-11,41600,통신,,
1130,2019-10-11,5100,생활,편의점,CU
1131,2019-10-11,14000,식사,한식,
1132,2019-10-11,9000,식사,카페,빅컵커피
1133,2019-10-11,55500,유흥,술,
1134,2019-10-12,21400,쇼핑,패션,롯데프리미엄아울렛
1135,2019-10-12,8600,쇼핑,패션,롯데프리미엄아울렛
1136,2019-10-13,6000,생활,편의점,미니스톱
1137,2019-10-14,2000,식사,카페,카페7그램
1138,2019-10-14,-2500,기타,할인,
1139,2019-10-14,50000,문화,도서,교보문고
1140,2019-10-14,4000,생활,편의점,바이더웨이
1141,2019-10-14,13000,식사,순대,
1142,2019-10-15,-2000,기타,할인,
1143,2019-10-15,1700,생활,편의점,CU
1144,2019-10-15,3300,생활,편의점,CU
1145,2019-10-15,50400,교통,버스 18,
1146,2019-10-15,2600,생활,편의점,바이더웨이
1147,2019-10-16,2000,식사,카페,카페7그램
1148,2019-10-16,1700,생활,편의점,CU
1149,2019-10-17,2000,생활,편의점,GS25
1150,2019-10-17,1500,식사,카페,카페7그램
1151,2019-10-17,1500,식사,카페,카페7그램
1152,2019-10-18,5000,생활,편의점,CU
1153,2019-10-18,2000,식사,카페,카페7그램
1154,2019-10-18,2500,식사,카페,카페7그램
1155,2019-10-18,2300,식사,카페,카페7그램
1156,2019-10-20,17200,식사,햄버거,롯데리아
1157,2019-10-20,6200,식사,햄버거,롯데리아
1158,2019-10-21,2300,생활,편의점,CU
1159,2019-10-22,2000,식사,카페,카페7그램
1160,2019-10-22,7000,식사,한식,
1161,2019-10-23,2000,식사,카페,카페7그램
1162,2019-10-23,4900,식사,디저트,
1163,2019-10-23,7000,식사,순대,
1164,2019-10-24,2500,식사,햄버거,롯데리아
1165,2019-10-24,2800,생활,편의점,CU
1166,2019-10-24,7000,식사,한식,
1167,2019-10-24,4000,식사,카페,카페7그램
1168,2019-10-24,6600,식사,햄버거,롯데리아
1169,2019-10-25,6500,식사,순대,
1170,2019-10-25,2000,생활,편의점,CU
1171,2019-10-26,22000,기타,,
1172,2019-10-26,10000,문화,공원,
1173,2019-10-26,3000,기타,,
1174,2019-10-26,14200,식사,카페,스무디킹
1175,2019-10-26,31800,식사,한식,
1176,2019-10-27,19000,식사,햄버거,롯데리아
1177,2019-10-28,3800,식사,디저트,
1178,2019-10-28,12150,교통,지하철 8,
1179,2019-10-28,3300,생활,편의점,CU
1180,2019-10-28,-2120,기타,할인,
1181,2019-10-28,10600,식사,카페,스타벅스
1182,2019-10-29,2500,생활,편의점,CU
1183,2019-10-29,6000,식사,카페,커피빈
1184,2019-10-29,60000,식사,구이,
1185,2019-10-30,1700,생활,편의점,CU
1186,2019-10-30,14000,식사,한식,
1187,2019-10-31,6500,식사,카페,빽다방
1188,2019-10-31,5000,의료,약국,
1189,2019-10-31,74850,교통,버스 28,
1190,2019-10-31,1800,생활,편의점,GS25
1191,2019-11-01,7000,식사,한식,
1192,2019-11-01,3000,식사,카페,카페7그램
1193,2019-11-01,2200,생활,편의점,GS25
1194,2019-11-02,2500,교통,지하철 2,
1195,2019-11-02,-250,기타,할인,
1196,2019-11-02,13300,식사,카페,커피빈
1197,2019-11-03,22500,생활,마트,홈플러스
1198,2019-11-03,23810,식사,디저트,
1199,2019-11-03,3800,식사,카페,서기커피
1200,2019-11-04,31400,쇼핑,온라인,G마켓
1201,2019-11-05,2000,식사,카페,카페7그램
1202,2019-11-07,1700,생활,편의점,CU
1203,2019-11-07,1800,생활,편의점,바이더웨이
1204,2019-11-07,6500,식사,순대,
1205,2019-11-08,4400,생활,편의점,바이더웨이
1206,2019-11-09,4000,의료,병원,
1207,2019-11-09,10920,의료,약국,
1208,2019-11-09,62000,식사,레스토랑,
1209,2019-11-09,1700,식사,카페,투썸플레이스
1210,2019-11-10,5800,식사,햄버거,롯데리아
1211,2019-11-10,17000,식사,햄버거,롯데리아
1212,2019-11-10,32000,식사,구이,
1213,2019-11-11,2000,생활,편의점,CU
1214,2019-11-11,3800,식사,카페,카페7그램
1215,2019-11-12,41600,통신,,
1216,2019-11-12,1700,생활,편의점,CU
1217,2019-11-12,14000,식사,순대,
1218,2019-11-13,2500,생활,편의점,CU
1219,2019-11-13,1800,생활,편의점,바이더웨이
1220,2019-11-14,1800,생활,편의점,바이더웨이
1221,2019-11-14,1500,식사,카페,카페7그램
1222,2019-11-14,2500,생활,편의점,CU
1223,2019-11-15,3200,생활,편의점,CU
1224,2019-11-15,14000,식사,한식,
1225,2019-11-15,58800,교통,버스 21,
1226,2019-11-15,-1750,기타,할인,
1227,2019-11-15,1800,생활,편의점,바이더웨이
1228,2019-11-15,10000,식사,카페,카페7그램
1229,2019-11-15,6000,식사,카페,카페7그램
1230,2019-11-15,2300,생활,편의점,위드미
1231,2019-11-16,3800,식사,디저트,
1232,2019-11-16,5000,생활,편의점,GS25
1233,2019-11-16,7500,생활,편의점,GS25
1234,2019-11-16,-7500,생활,편의점,GS25
1235,2019-11-17,4590,생활,마트,홈플러스
1236,2019-11-17,25000,교통,기차,
1237,2019-11-18,1700,생활,편의점,CU
1238,2019-11-18,1500,식사,카페,카페7그램
1239,2019-11-18,60000,문화,도서,교보문고
1240,2019-11-18,-2500,기타,할인,
1241,2019-11-19,-2000,기타,할인,
1242,2019-11-19,1200,식사,카페,스타벅스
1243,2019-11-19,40000,문화,도서,교보문고
1244,2019-11-20,3500,생활,편의점,CU
1245,2019-11-20,1500,식사,카페,카페7그램
1246,2019-11-21,4500,식사,카페,카페7그램
1247,2019-11-21,7900,식사,햄버거,맥도날드
1248,2019-11-22,2000,식사,카페,카페7그램
1249,2019-11-22,3500,식사,분식,
1250,2019-11-22,7000,식사,한식,
1251,2019-11-22,2000,식사,카페,카페7그램
1252,2019-11-23,7500,생활,편의점,GS25
1253,2019-11-23,23300,식사,치킨,티바두마리치킨
1254,2019-11-23,12100,생활,편의점,GS25
1255,2019-11-23,-605,기타,할인,
1256,2019-11-24,20000,식사,디저트,
1257,2019-11-24,3780,생활,편의점,GS25
1258,2019-11-25,5800,생활,편의점,바이더웨이
1259,2019-11-25,3800,식사,카페,카페7그램
1260,2019-11-26,1800,생활,편의점,바이더웨이
1261,2019-11-26,2300,생활,편의점,바이더웨이
1262,2019-11-26,4900,식사,디저트,
1263,2019-11-27,14000,식사,한식,
1264,2019-11-28,7000,식사,순대,
1265,2019-11-29,7000,식사,레스토랑,
1266,2019-11-29,60150,교통,버스 22,
1267,2019-11-29,3800,식사,카페,카페7그램
1268,2019-11-30,6500,생활,편의점,GS25
1269,2019-11-30,3600,생활,편의점,GS25
1270,2019-11-30,11150,교통,지하철 5,
1271,2019-11-30,1700,생활,편의점,GS25
1272,2019-12-01,10000,식사,디저트,
1273,2019-12-02,21000,식사,한식,
1274,2019-12-02,2000,식사,카페,카페7그램
1275,2019-12-02,5000,식사,구이,
1276,2019-12-03,14000,식사,한식,
1277,2019-12-03,2100,생활,편의점,바이더웨이
1278,2019-12-03,1500,식사,카페,카페7그램
1279,2019-12-04,1500,식사,카페,카페7그램
1280,2019-12-04,2000,식사,카페,카페7그램
1281,2019-12-05,1500,식사,카페,카페7그램
1282,2019-12-05,7600,식사,디저트,
1283,2019-12-05,2200,생활,편의점,CU
1284,2019-12-05,7000,식사,한식,
1285,2019-12-06,2800,생활,편의점,CU
1286,2019-12-06,3700,생활,편의점,바이더웨이
1287,2019-12-06,1500,식사,카페,카페7그램
1288,2019-12-06,3500,생활,편의점,GS25
1289,2019-12-07,2500,생활,편의점,세븐일레븐
1290,2019-12-09,21000,식사,한식,
1291,2019-12-10,14000,식사,한식,
1292,2019-12-10,1800,생활,편의점,바이더웨이
1293,2019-12-10,2600,생활,편의점,바이더웨이
1294,2019-12-11,7500,식사,카페,빽다방
1295,2019-12-11,3500,식사,분식,
1296,2019-12-11,3500,생활,편의점,CU
1297,2019-12-11,2600,생활,편의점,CU
1298,2019-12-12,41600,통신,,
1299,2019-12-12,2500,생활,편의점,CU
1300,2019-12-12,1500,식사,카페,카페7그램
1301,2019-12-13,2000,식사,카페,카페7그램
1302,2019-12-14,59100,교통,버스 23,
1303,2019-12-14,32900,식사,레스토랑,
1304,2019-12-14,13500,식사,카페,즐거운다락방
1305,2019-12-14,5400,식사,디저트,
1306,2019-12-14,-735,기타,할인,
1307,2019-12-14,17560,생활,마트,이마트
1308,2019-12-14,-1265,기타,할인,
1309,2019-12-14,12650,교통,지하철 7,
1310,2019-12-14,200,식사,카페,스타벅스
1311,2019-12-15,44100,쇼핑,패션,파크랜드
1312,2019-12-15,3900,식사,햄버거,롯데리아
1313,2019-12-15,17200,식사,햄버거,롯데리아
1314,2019-12-15,7600,식사,햄버거,롯데리아
1315,2019-12-16,2800,생활,편의점,CU
1316,2019-12-16,2000,식사,카페,카페7그램
1317,2019-12-17,3000,생활,편의점,GS25
1318,2019-12-17,1500,식사,카페,카페7그램
1319,2019-12-18,2000,식사,카페,카페7그램
1320,2019-12-18,3400,생활,편의점,GS25
1321,2019-12-19,1500,식사,카페,카페7그램
1322,2019-12-19,7000,식사,순대,
1323,2019-12-19,3000,생활,편의점,CU
1324,2019-12-20,16300,의료,병원,
1325,2019-12-20,8700,의료,약국,
1326,2019-12-20,7000,식사,한식,
1327,2019-12-20,7000,식사,분식,
1328,2019-12-20,7500,생활,편의점,GS25
1329,2019-12-21,-2500,기타,할인,
1330,2019-12-21,55000,문화,도서,교보문고
1331,2019-12-21,13000,생활,헤어,
1332,2019-12-21,39400,교통,택시,
1333,2019-12-21,16700,식사,햄버거,버거킹
1334,2019-12-21,69200,유흥,술,
1335,2019-12-22,6000,식사,레스토랑,
1336,2019-12-22,10260,식사,카페,구스띠모
1337,2019-12-23,1500,식사,카페,카페7그램
1338,2019-12-23,5000,의료,병원,
1339,2019-12-23,14000,식사,한식,
1340,2019-12-23,1400,생활,편의점,바이더웨이
1341,2019-12-24,3900,생활,편의점,GS25
1342,2019-12-24,8000,식사,한식,
1343,2019-12-24,7000,식사,순대,
1344,2019-12-25,11050,생활,오피스,다이소
1345,2019-12-25,32800,식사,레스토랑,
1346,2019-12-25,6000,문화,영화,CGV
1347,2019-12-25,14000,식사,닭강정,
1348,2019-12-25,600,생활,편의점,세븐일레븐
1349,2019-12-26,6800,교통,지하철 5,
1350,2019-12-26,1500,식사,카페,카페7그램
1351,2019-12-26,2000,식사,카페,카페7그램
1352,2019-12-27,1500,생활,편의점,CU
1353,2019-12-27,7000,식사,한식,
1354,2019-12-28,22420,생활,편의점,GS25
1355,2019-12-28,-1000,기타,할인,
1356,2019-12-28,1800,생활,편의점,GS25
1357,2019-12-28,32600,문화,도서,기독교서점
1358,2019-12-28,1000,생활,마트,롯데마트
1359,2019-12-30,7000,식사,한식,
1360,2019-12-30,1500,생활,편의점,CU
1361,2019-12-31,14000,식사,한식,
1362,2019-12-31,63050,교통,버스 23,
1363,2019-12-31,3600,식사,카페,스타벅스
1364,2019-12-31,9500,식사,카페,빽다방
1365,2020-01-01,25000,식사,일식,
1366,2020-01-02,2300,생활,편의점,CU
1367,2020-01-02,2800,생활,편의점,CU
1368,2020-01-02,1000,생활,오피스,알파
1369,2020-01-02,1500,식사,카페,카페7그램
1370,2020-01-02,6200,식사,햄버거,맥도날드
1371,2020-01-03,1500,식사,카페,카페7그램
1372,2020-01-03,15900,식사,카페,카페7그램
1373,2020-01-04,62800,쇼핑,온라인,G마켓
1374,2020-01-05,14300,식사,카페,카페디엠
1375,2020-01-05,14500,식사,레스토랑,
1376,2020-01-06,5300,식사,카페,스타벅스
1377,2020-01-06,13900,생활,오피스,다이소
1378,2020-01-06,7000,식사,순대,
1379,2020-01-07,3500,생활,편의점,CU
1380,2020-01-07,1500,식사,카페,카페7그램
1381,2020-01-07,3500,식사,카페,카페7그램
1382,2020-01-07,4600,생활,편의점,세븐일레븐
1383,2020-01-08,3900,식사,디저트,
1384,2020-01-08,6800,식사,카페,빅컵커피
1385,2020-01-08,14000,식사,순대,
1386,2020-01-09,14000,식사,한식,
1387,2020-01-09,7000,식사,분식,
1388,2020-01-10,8000,식사,한식,
1389,2020-01-10,3900,식사,디저트,
1390,2020-01-10,30000,식사,돈까스,
1391,2020-01-11,4300,교통,지하철 3,
1392,2020-01-11,168000,유흥,술,
1393,2020-01-12,3000,식사,카페,서기커피
1394,2020-01-12,35800,식사,햄버거,롯데리아
1395,2020-01-13,4000,생활,편의점,CU
1396,2020-01-13,7000,식사,한식,
1397,2020-01-14,41600,통신,,
1398,2020-01-14,4000,생활,편의점,세븐일레븐
1399,2020-01-15,17500,쇼핑,온라인,11번가
1400,2020-01-15,4200,식사,카페,카페7그램
1401,2020-01-15,-2000,기타,할인,
1402,2020-01-15,58800,교통,버스 21,
1403,2020-01-15,7000,식사,한식,
1404,2020-01-15,3500,생활,편의점,CU
1405,2020-01-16,2500,생활,편의점,CU
1406,2020-01-16,7000,생활,편의점,CU
1407,2020-01-16,1500,식사,카페,카페7그램
1408,2020-01-17,6700,식사,순대,
1409,2020-01-17,3900,생활,편의점,세븐일레븐
1410,2020-01-17,6600,생활,편의점,CU
1411,2020-01-17,1500,식사,카페,카페7그램
1412,2020-01-19,2600,생활,편의점,GS25
1413,2020-01-19,13000,식사,디저트,
1414,2020-01-20,1500,식사,카페,카페7그램
1415,2020-01-20,2000,식사,카페,카페7그램
1416,2020-01-20,16000,식사,한식,
1417,2020-01-21,7000,식사,한식,
1418,2020-01-21,2500,생활,편의점,CU
1419,2020-01-22,1500,식사,카페,카페7그램
1420,2020-01-22,7000,식사,한식,
1421,2020-01-22,3500,생활,편의점,CU
1422,2020-01-23,7000,식사,분식,
1423,2020-01-23,8000,식사,카페,빽다방
1424,2020-01-23,2800,생활,편의점,세븐일레븐
1425,2020-01-26,39900,생활,마트,이케아
1426,2020-01-27,34000,식사,족발,
1427,2020-01-27,35000,쇼핑,패션,롯데프리미엄아울렛
1428,2020-01-27,22200,쇼핑,패션,롯데프리미엄아울렛
1429,2020-01-28,1500,식사,카페,카페7그램
1430,2020-01-29,3000,생활,편의점,CU
1431,2020-01-29,6300,생활,편의점,CU
1432,2020-01-30,18000,식사,한식,
1433,2020-01-30,3500,식사,분식,
1434,2020-01-31,3000,생활,편의점,CU
1435,2020-01-31,7000,식사,한식,
1436,2020-01-31,56000,교통,버스 20,
1437,2020-01-31,1500,식사,카페,카페7그램
1438,2020-01-31,4200,식사,디저트,
1439,2020-02-01,5300,식사,카페,스타벅스
1440,2020-02-01,4100,식사,카페,스타벅스
1441,2020-02-01,3500,교통,지하철 2,
1442,2020-02-01,28000,식사,한식,
1443,2020-02-02,191860,쇼핑,온라인,11번가
1444,2020-02-02,-191860,쇼핑,온라인,11번가
1445,2020-02-02,4000,식사,카페,서기커피
1446,2020-02-03,12000,식사,레스토랑,
1447,2020-02-03,2000,식사,카페,카페7그램
1448,2020-02-03,2300,식사,카페,카페7그램
1449,2020-02-04,4300,생활,편의점,CU
1450,2020-02-04,1800,생활,편의점,CU
1451,2020-02-04,10000,식사,한식,
1452,2020-02-05,7500,식사,디저트,
1453,2020-02-05,20000,식사,한식,
1454,2020-02-06,3000,생활,편의점,GS25
1455,2020-02-06,13400,식사,순대,
1456,2020-02-06,39200,식사,카페,카페7그램
1457,2020-02-06,2500,식사,카페,카페7그램
1458,2020-02-06,1500,식사,카페,카페7그램
1459,2020-02-06,17500,식사,한식,
1460,2020-02-07,4000,생활,편의점,CU
1461,2020-02-07,7000,식사,한식,
1462,2020-02-07,3200,생활,편의점,GS25
1463,2020-02-08,90000,문화,도서,교보문고
1464,2020-02-08,-2500,기타,할인,
1465,2020-02-08,18000,식사,치킨,CF숯불바베큐
1466,2020-02-08,33990,쇼핑,온라인,네이버
1467,2020-02-09,12070,쇼핑,온라인,위메프
1468,2020-02-10,1500,식사,카페,카페7그램
1469,2020-02-10,15000,식사,분식,
1470,2020-02-10,12400,생활,편의점,미니스톱
1471,2020-02-11,3500,생활,편의점,CU
1472,2020-02-11,14000,식사,한식,
1473,2020-02-12,16000,식사,한식,
1474,2020-02-12,1500,식사,카페,카페7그램
1475,2020-02-12,6700,식사,순대,
1476,2020-02-12,1700,생활,편의점,CU
1477,2020-02-12,41600,통신,,
1478,2020-02-13,3000,생활,편의점,CU
1479,2020-02-13,3500,식사,분식,
1480,2020-02-13,-33990,쇼핑,온라인,네이버
1481,2020-02-13,24000,식사,중식,
1482,2020-02-14,34000,식사,한식,
1483,2020-02-14,1500,식사,카페,카페7그램
1484,2020-02-14,-2000,기타,할인,
1485,2020-02-14,56000,교통,버스 20,
1486,2020-02-14,2000,생활,편의점,CU
1487,2020-02-14,2800,생활,편의점,CU
1488,2020-02-15,8000,기타,,
1489,2020-02-15,2600,기타,,
1490,2020-02-16,15000,식사,돈까스,
1491,2020-02-17,13500,식사,분식,
1492,2020-02-17,3900,식사,디저트,
1493,2020-02-18,3500,식사,분식,
1494,2020-02-18,20000,식사,한식,
1495,2020-02-19,8600,식사,디저트,
1496,2020-02-19,8000,식사,한식,
1497,2020-02-20,118150,쇼핑,온라인,옥션
1498,2020-02-20,7000,식사,한식,
1499,2020-02-20,1500,식사,카페,카페7그램
1500,2020-02-21,20000,식사,한식,
1501,2020-02-21,16000,식사,한식,
1502,2020-02-22,27490,생활,마트,홈플러스
1503,2020-02-23,19000,식사,치킨,멕시카나
1504,2020-02-23,4000,식사,햄버거,롯데리아
1505,2020-02-24,2800,생활,편의점,CU
1506,2020-02-24,7500,생활,편의점,CU
1507,2020-02-24,1500,식사,카페,카페7그램
1508,2020-02-25,18000,식사,한식,
1509,2020-02-25,4500,식사,카페,카페7그램
1510,2020-02-25,22000,식사,순대,
1511,2020-02-25,39200,교통,버스 14,
1512,2020-02-25,1500,식사,카페,카페7그램
1513,2020-02-27,8000,쇼핑,온라인,네이버
1514,2020-03-02,51010,생활,마트,롯데마트
1515,2020-03-02,34000,식사,족발,
1516,2020-03-03,44430,생활,마트,홈플러스
1517,2020-03-09,4800,생활,편의점,CU
1518,2020-03-09,14000,식사,한식,
1519,2020-03-09,1500,식사,카페,카페7그램
1520,2020-03-10,1400,생활,편의점,CU
1521,2020-03-10,21000,식사,한식,
1522,2020-03-10,1500,식사,카페,카페7그램
1523,2020-03-10,4000,식사,카페,카페7그램
1524,2020-03-10,8000,식사,한식,
1525,2020-03-10,2600,생활,편의점,GS25
1526,2020-03-11,2500,생활,편의점,CU
1527,2020-03-11,1500,식사,카페,카페7그램
1528,2020-03-11,22000,식사,순대,
1529,2020-03-12,44200,식사,카페,카페7그램
1530,2020-03-12,14000,식사,한식,
1531,2020-03-12,41600,통신,,
1532,2020-03-13,28000,교통,버스 10,
1533,2020-03-13,-2000,기타,할인,
1534,2020-03-13,6900,생활,편의점,GS25
1535,2020-03-13,16000,식사,한식,
1536,2020-03-13,7000,식사,카페,바나프레소
1537,2020-03-14,5000,식사,떡,
1538,2020-03-14,36854,쇼핑,온라인,네이버
1539,2020-03-14,17000,문화,도서,교보문고
1540,2020-03-14,63000,문화,도서,교보문고
1541,2020-03-14,-2500,기타,할인,
1542,2020-03-16,2300,생활,편의점,CU
1543,2020-03-16,1500,식사,카페,카페7그램
1544,2020-03-16,18000,식사,한식,
1545,2020-03-16,2600,생활,편의점,세븐일레븐
1546,2020-03-17,6500,식사,분식,
1547,2020-03-17,5950,식사,디저트,
1548,2020-03-17,14000,식사,한식,
1549,2020-03-17,1500,식사,카페,카페7그램
1550,2020-03-18,6000,식사,카페,빽다방
1551,2020-03-18,1400,생활,편의점,GS25
1552,2020-03-18,2600,생활,편의점,세븐일레븐
1553,2020-03-19,1500,식사,카페,카페7그램
1554,2020-03-19,24000,식사,한식,
1555,2020-03-20,2800,생활,편의점,CU
1556,2020-03-20,6000,식사,카페,카페7그램
1557,2020-03-20,7000,식사,순대,
1558,2020-03-20,3900,생활,편의점,GS25
1559,2020-03-20,14000,식사,한식,
1560,2020-03-21,77920,생활,마트,홈플러스
1561,2020-03-21,11900,식사,피자,
1562,2020-03-23,8000,식사,한식,
1563,2020-03-23,2500,생활,편의점,CU
1564,2020-03-23,1500,식사,카페,카페7그램
1565,2020-03-24,8500,식사,카페,빽다방
1566,2020-03-24,2800,생활,편의점,CU
1567,2020-03-24,2700,생활,편의점,CU
1568,2020-03-25,18000,식사,한식,
1569,2020-03-26,29000,식사,순대,
1570,2020-03-26,7250,식사,디저트,
1571,2020-03-26,5350,생활,편의점,GS25
1572,2020-03-26,3000,생활,편의점,GS25
1573,2020-03-27,6800,생활,편의점,CU
1574,2020-03-27,4000,생활,편의점,GS25
1575,2020-03-30,1500,생활,편의점,CU
1576,2020-03-30,14000,식사,한식,
1577,2020-03-30,4500,생활,편의점,GS25
1578,2020-03-30,4300,생활,편의점,GS25
1579,2020-03-31,1500,식사,카페,카페7그램
1580,2020-03-31,64000,생활,전자,애플
1581,2020-03-31,8000,식사,한식,
1582,2020-03-31,6000,생활,편의점,CU
1583,2020-03-31,67200,교통,버스 24,
1584,2020-03-31,5500,생활,편의점,세븐일레븐
1585,2020-04-01,6500,생활,편의점,CU
1586,2020-04-01,23000,문화,도서,교보문고
1587,2020-04-01,-1150,기타,할인,
1588,2020-04-02,20600,식사,햄버거,롯데리아
1589,2020-04-03,11500,식사,디저트,
1590,2020-04-03,8000,식사,한식,
1591,2020-04-04,5000,식사,떡,
1592,2020-04-04,5600,생활,마트,웰빙마트
1593,2020-04-06,21000,식사,한식,
1594,2020-04-06,7000,식사,순대,
1595,2020-04-07,10000,식사,한식,
1596,2020-04-08,8000,식사,한식,
1597,2020-04-08,6800,생활,편의점,세븐일레븐
1598,2020-04-09,24000,식사,한식,
1599,2020-04-09,1300,생활,편의점,세븐일레븐
1600,2020-04-09,2000,생활,편의점,CU
1601,2020-04-10,10400,식사,햄버거,맥도날드
1602,2020-04-10,3800,생활,편의점,GS25
1603,2020-04-11,8100,식사,디저트,
1604,2020-04-11,18000,식사,치킨,CF숯불바베큐
1605,2020-04-11,40000,생활,헤어,
1606,2020-04-11,4000,생활,편의점,세븐일레븐
1607,2020-04-13,11000,식사,분식,
1608,2020-04-14,41600,통신,,
1609,2020-04-14,56000,교통,버스 20,
1610,2020-04-14,-2000,기타,할인,
1611,2020-04-14,8000,식사,카페,빽다방
1612,2020-04-14,16000,식사,한식,
1613,2020-04-15,8220,생활,편의점,CU
1614,2020-04-16,1400,생활,편의점,GS25
1615,2020-04-16,4200,생활,편의점,GS25
1616,2020-04-17,8000,식사,한식,
1617,2020-04-17,6000,생활,편의점,CU
1618,2020-04-17,4100,생활,편의점,GS25
1619,2020-04-20,14000,식사,순대,
1620,2020-04-20,5600,생활,편의점,GS25
1621,2020-04-20,4300,식사,카페,파머스빈
1622,2020-04-21,1500,식사,카페,카페7그램
1623,2020-04-21,11500,생활,편의점,CU
1624,2020-04-21,2400,생활,편의점,CU
1625,2020-04-22,4800,생활,편의점,CU
1626,2020-04-22,11400,생활,편의점,GS25
1627,2020-04-22,-570,기타,할인,
1628,2020-04-23,5400,생활,편의점,GS25
1629,2020-04-23,16150,생활,편의점,GS25
1630,2020-04-23,-807,기타,할인,
1631,2020-04-23,4000,생활,편의점,CU
1632,2020-04-23,1500,식사,카페,카페7그램
1633,2020-04-24,32000,식사,한식,
1634,2020-04-25,11200,식사,카페,스타벅스
1635,2020-04-25,-2240,기타,할인,
1636,2020-04-25,2250,교통,지하철 2,
1637,2020-04-25,76000,식사,구이,
1638,2020-04-26,5500,식사,디저트,
1639,2020-04-26,16000,식사,한식,
1640,2020-04-26,11800,생활,마트,웰빙마트
1641,2020-04-27,16000,식사,한식,
1642,2020-04-27,3400,생활,편의점,CU
1643,2020-04-27,3400,생활,편의점,CU
1644,2020-04-28,16000,식사,한식,
1645,2020-04-29,6700,식사,순대,
1646,2020-04-29,57450,교통,버스 21,
1647,2020-04-30,12200,생활,마트,웰빙마트
1648,2020-05-01,4000,생활,편의점,CU
1649,2020-05-01,12300,생활,편의점,GS25
1650,2020-05-01,-615,기타,할인,
1651,2020-05-01,15000,생활,편의점,세븐일레븐
1652,2020-05-02,7700,식사,카페,이디야
1653,2020-05-02,25800,식사,피자,
1654,2020-05-04,16000,식사,한식,
1655,2020-05-04,8000,식사,한식,
1656,2020-05-04,14000,생활,편의점,GS25
1657,2020-05-04,-700,기타,할인,
1658,2020-05-05,6700,식사,카페,스타벅스
1659,2020-05-05,4000,식사,카페,커피앤티
1660,2020-05-06,14000,식사,한식,
1661,2020-05-07,5700,생활,편의점,GS25
1662,2020-05-07,2500,생활,편의점,CU
1663,2020-05-07,2000,식사,카페,카페7그램
1664,2020-05-08,4500,식사,카페,쥬스식스
1665,2020-05-08,4000,생활,편의점,CU
1666,2020-05-08,5400,생활,편의점,CU
1667,2020-05-09,8500,생활,마트,AK
1668,2020-05-09,5000,생활,마트,AK
1669,2020-05-09,1550,교통,지하철 2,
1670,2020-05-09,-155,기타,할인,
1671,2020-05-09,81940,식사,레스토랑,
1672,2020-05-09,-10000,기타,할인,
1673,2020-05-10,4500,의료,약국,
1674,2020-05-12,8100,식사,카페,파머스빈
1675,2020-05-12,5000,생활,편의점,CU
1676,2020-05-12,14000,식사,순대,
1677,2020-05-13,2000,식사,카페,카페7그램
1678,2020-05-13,19400,식사,중식,
1679,2020-05-13,7850,생활,편의점,GS25
1680,2020-05-14,1900,식사,카페,카페7그램
1681,2020-05-15,14000,유흥,술,
1682,2020-05-15,2350,생활,편의점,GS25
1683,2020-05-15,-1845,기타,할인,
1684,2020-05-15,5000,생활,편의점,CU
1685,2020-05-15,6400,생활,편의점,CU
1686,2020-05-15,67600,교통,버스 27,
1687,2020-05-16,4500,의료,약국,
1688,2020-05-18,1900,식사,카페,카페7그램
1689,2020-05-18,22000,식사,순대,
1690,2020-05-18,13000,식사,레스토랑,
1691,2020-05-19,3300,생활,편의점,CU
1692,2020-05-20,41600,통신,,
1693,2020-05-20,8950,생활,편의점,GS25
1694,2020-05-21,9500,생활,편의점,CU
1695,2020-05-22,2500,생활,편의점,CU
1696,2020-05-22,6000,식사,카페,카페7그램
1697,2020-05-22,10500,식사,디저트,
1698,2020-05-23,5000,생활,편의점,GS25
1699,2020-05-25,16000,식사,한식,
1700,2020-05-26,1900,식사,카페,카페7그램
1701,2020-05-26,5000,생활,편의점,CU
1702,2020-05-27,3600,생활,편의점,CU
1703,2020-05-27,9500,식사,카페,쥬스식스
1704,2020-05-27,14000,유흥,술,
1705,2020-05-27,6000,생활,편의점,세븐일레븐
1706,2020-05-28,18300,식사,카페,스타벅스
1707,2020-05-28,-3660,기타,할인,
1708,2020-05-28,4000,식사,카페,카페7그램
1709,2020-05-29,56000,교통,버스 20,
1710,2020-05-29,1900,식사,카페,카페7그램
1711,2020-05-29,13700,생활,편의점,GS25
1712,2020-05-29,-685,기타,할인,
1713,2020-05-29,10200,식사,디저트,
1714,2020-05-30,5000,생활,편의점,GS25
1715,2020-05-30,6250,생활,편의점,GS25
1716,2020-06-02,13500,생활,편의점,CU
1717,2020-06-03,14700,생활,편의점,세븐일레븐
1718,2020-06-03,27600,생활,편의점,세븐일레븐
1719,2020-06-03,1900,식사,카페,카페7그램
1720,2020-06-03,12400,생활,편의점,GS25
1721,2020-06-03,-620,기타,할인,
1722,2020-06-03,23500,식사,치킨,잉치킨
1723,2020-06-04,4900,식사,디저트,
1724,2020-06-04,3500,식사,카페,파머스빈
1725,2020-06-04,6800,교통,지하철 4,
1726,2020-06-05,1000,생활,편의점,CU
1727,2020-06-05,7000,유흥,술,
1728,2020-06-06,7620,생활,편의점,GS25
1729,2020-06-06,49000,식사,치킨,깐부치킨
1730,2020-06-07,7500,생활,편의점,GS25
1731,2020-06-08,14000,식사,한식,
1732,2020-06-08,7000,생활,편의점,GS25
1733,2020-06-09,5700,생활,편의점,GS25
1734,2020-06-09,2000,생활,편의점,GS25
1735,2020-06-10,4000,식사,카페,카페7그램
1736,2020-06-10,1900,식사,카페,카페7그램
1737,2020-06-10,8800,생활,편의점,CU
1738,2020-06-11,64270,통신,,
1739,2020-06-11,-2500,기타,할인,
1740,2020-06-11,4500,식사,카페,쥬스식스
1741,2020-06-11,17000,생활,편의점,GS25
1742,2020-06-11,-850,기타,할인,
1743,2020-06-12,1500,생활,편의점,CU
1744,2020-06-12,24000,식사,한식,
1745,2020-06-13,1000,교통,기차,
1746,2020-06-13,2200,교통,기차,
1747,2020-06-14,22000,식사,디저트,
1748,2020-06-14,1000,교통,기차,
1749,2020-06-15,54250,교통,버스 21,
1750,2020-06-15,-2000,기타,할인,
1751,2020-06-15,1900,식사,카페,카페7그램
1752,2020-06-15,14000,유흥,술,
1753,2020-06-16,3900,식사,카페,카페7그램
1754,2020-06-16,32900,식사,중식,
1755,2020-06-16,7500,식사,카페,파머스빈
1756,2020-06-17,-520,기타,할인,
1757,2020-06-17,10400,생활,편의점,GS25
1758,2020-06-17,19800,생활,편의점,GS25
1759,2020-06-17,-990,기타,할인,
1760,2020-06-18,4100,생활,편의점,CU
1761,2020-06-18,1900,식사,카페,카페7그램
1762,2020-06-18,3200,생활,편의점,세븐일레븐
1763,2020-06-19,3700,생활,편의점,세븐일레븐
1764,2020-06-19,1900,식사,카페,카페7그램
1765,2020-06-19,5100,식사,카페,스타벅스
1766,2020-06-19,2000,식사,카페,카페7그램
1767,2020-06-19,-2060,기타,할인,
1768,2020-06-19,10300,식사,카페,스타벅스
1769,2020-06-19,4100,식사,카페,스타벅스
1770,2020-06-20,2450,교통,지하철 1,
1771,2020-06-20,11900,식사,피자,
1772,2020-06-20,18000,식사,치킨,CF숯불바베큐
1773,2020-06-20,7800,문화,도서,교보문고
1774,2020-06-20,5000,생활,편의점,GS25
1775,2020-06-20,38340,문화,도서,교보문고
1776,2020-06-20,-1917,기타,할인,
1777,2020-06-21,105800,쇼핑,패션,탑텐
1778,2020-06-21,8250,생활,마트,웰빙마트
1779,2020-06-21,88500,생활,마트,농협
1780,2020-06-22,4500,생활,편의점,CU
1781,2020-06-22,1900,식사,카페,카페7그램
1782,2020-06-22,10550,생활,편의점,GS25
1783,2020-06-22,-527,기타,할인,
1784,2020-06-23,1900,식사,카페,카페7그램
1785,2020-06-23,800,생활,편의점,GS25
1786,2020-06-24,14000,식사,순대,
1787,2020-06-24,7500,식사,카페,파머스빈
1788,2020-06-25,1900,식사,카페,카페7그램
1789,2020-06-25,7100,생활,편의점,세븐일레븐
1790,2020-06-26,19400,생활,편의점,CU
1791,2020-06-26,2000,식사,카페,카페7그램
1792,2020-06-26,14000,유흥,술,
1793,2020-06-28,19500,생활,마트,웰빙마트
1794,2020-06-29,3600,생활,편의점,세븐일레븐
1795,2020-06-30,1900,식사,카페,카페7그램
1796,2020-06-30,58400,교통,버스 22,
1797,2020-06-30,14000,유흥,술,
1798,2020-07-01,1900,식사,카페,카페7그램
1799,2020-07-01,18100,생활,편의점,GS25
1800,2020-07-01,-905,기타,할인,
1801,2020-07-02,20700,식사,햄버거,롯데리아
1802,2020-07-03,-645,기타,할인,
1803,2020-07-03,12900,생활,편의점,GS25
1804,2020-07-03,3400,생활,편의점,GS25
1805,2020-07-03,10900,식사,카페,스타벅스
1806,2020-07-03,-2180,기타,할인,
1807,2020-07-06,16000,식사,한식,
1808,2020-07-07,1900,식사,카페,카페7그램
1809,2020-07-07,10500,식사,카페,카페7그램
1810,2020-07-07,8200,생활,편의점,GS25
1811,2020-07-07,2400,생활,편의점,GS25
1812,2020-07-08,1500,식사,카페,카페7그램
1813,2020-07-08,7500,식사,카페,카페7그램
1814,2020-07-08,4100,식사,카페,카페7그램
1815,2020-07-09,-2500,기타,할인,
1816,2020-07-09,60000,문화,도서,교보문고
1817,2020-07-09,1400,생활,편의점,CU
1818,2020-07-09,14000,식사,한식,
1819,2020-07-10,3100,식사,카페,스타벅스
1820,2020-07-10,7000,식사,순대,
1821,2020-07-11,-1000,기타,할인,
1822,2020-07-11,5600,생활,편의점,GS25
1823,2020-07-11,23520,생활,편의점,GS25
1824,2020-07-11,4000,생활,편의점,GS25
1825,2020-07-11,8200,생활,편의점,GS25
1826,2020-07-11,-4000,생활,편의점,GS25
1827,2020-07-12,8100,생활,편의점,GS25
1828,2020-07-13,41600,통신,,
1829,2020-07-13,1500,식사,카페,카페7그램
1830,2020-07-13,14000,유흥,술,
1831,2020-07-14,14030,식사,디저트,
1832,2020-07-14,14000,식사,분식,
1833,2020-07-14,1500,식사,카페,카페7그램
1834,2020-07-14,3400,생활,편의점,GS25
1835,2020-07-15,1900,식사,카페,카페7그램
1836,2020-07-15,21000,식사,중식,
1837,2020-07-15,-2000,기타,할인,
1838,2020-07-15,58400,교통,버스 22,
1839,2020-07-16,8000,식사,카페,카페7그램
1840,2020-07-16,4200,식사,카페,카페7그램
1841,2020-07-16,34000,식사,중식,
1842,2020-07-16,2000,생활,편의점,GS25
1843,2020-07-16,2900,식사,카페,파머스빈
1844,2020-07-17,5800,식사,카페,스타벅스
1845,2020-07-17,16000,식사,한식,
1846,2020-07-17,1800,식사,카페,스타벅스
1847,2020-07-18,44920,생활,마트,홈플러스
1848,2020-07-18,8400,식사,디저트,
1849,2020-07-20,4000,생활,편의점,CU
1850,2020-07-21,1900,식사,카페,카페7그램
1851,2020-07-21,5500,생활,편의점,GS25
1852,2020-07-21,24000,식사,한식,
1853,2020-07-22,18900,식사,중식,
1854,2020-07-22,10000,식사,돈까스,
1855,2020-07-23,20500,식사,분식,
1856,2020-07-23,1500,식사,카페,카페7그램
1857,2020-07-23,4500,생활,편의점,CU
1858,2020-07-24,24900,식사,디저트,
1859,2020-07-24,7500,식사,분식,
1860,2020-07-24,7800,생활,편의점,CU
1861,2020-07-24,700,식사,카페,투썸플레이스
1862,2020-07-27,18000,식사,분식,
1863,2020-07-27,1900,식사,카페,카페7그램
1864,2020-07-27,7000,유흥,술,
1865,2020-07-28,1500,식사,카페,카페7그램
1866,2020-07-29,6000,식사,카페,카페7그램
1867,2020-07-29,10460,생활,오피스,다이소
1868,2020-07-30,1500,식사,카페,카페7그램
1869,2020-07-30,14300,식사,햄버거,롯데리아
1870,2020-07-30,7600,식사,햄버거,롯데리아
1871,2020-07-30,18000,식사,한식,
1872,2020-07-30,5500,식사,카페,바나프레소
1873,2020-07-31,62000,교통,버스 23,
1874,2020-07-31,1500,식사,카페,카페7그램
1875,2020-07-31,7000,유흥,술,
1876,2020-08-01,6000,의료,병원,
1877,2020-08-01,11320,의료,약국,
1878,2020-08-01,38400,교통,택시,
1879,2020-08-03,1500,식사,카페,카페7그램
1880,2020-08-03,7000,유흥,술,
1881,2020-08-03,2100,생활,편의점,세븐일레븐
1882,2020-08-03,1600,생활,편의점,세븐일레븐
1883,2020-08-04,6000,식사,카페,카페7그램
1884,2020-08-04,8000,식사,분식,
1885,2020-08-04,7000,유흥,술,
1886,2020-08-05,8000,식사,한식,
1887,2020-08-05,4900,생활,편의점,CU
1888,2020-08-05,1500,식사,카페,카페7그램
1889,2020-08-06,4400,생활,편의점,CU
1890,2020-08-06,14000,식사,한식,
1891,2020-08-06,10000,식사,돈까스,
1892,2020-08-06,1500,식사,카페,카페7그램
1893,2020-08-06,4500,식사,카페,카페7그램
1894,2020-08-07,3000,식사,카페,카페7그램
1895,2020-08-07,24000,식사,한식,
1896,2020-08-08,91690,생활,마트,롯데마트
1897,2020-08-08,-113630,생활,마트,롯데마트
1898,2020-08-08,113630,생활,마트,롯데마트
1899,2020-08-08,13160,의료,약국,
1900,2020-08-08,4200,의료,병원,
1901,2020-08-08,33500,생활,마트,롯데마트
1902,2020-08-10,1400,생활,편의점,CU
1903,2020-08-10,1500,식사,카페,카페7그램
1904,2020-08-10,8000,식사,카페,빽다방
1905,2020-08-10,59000,유흥,술,
1906,2020-08-11,7000,유흥,술,
1907,2020-08-11,45000,식사,카페,카페7그램
1908,2020-08-11,15000,식사,분식,
1909,2020-08-11,41600,통신,,
1910,2020-08-11,1500,식사,카페,카페7그램
1911,2020-08-12,3900,생활,편의점,CU
1912,2020-08-12,1900,식사,카페,카페7그램
1913,2020-08-12,10000,식사,한식,
1914,2020-08-13,1500,식사,카페,카페7그램
1915,2020-08-13,19800,식사,중식,
1916,2020-08-14,1500,식사,카페,카페7그램
1917,2020-08-14,2800,생활,편의점,CU
1918,2020-08-14,52800,교통,버스 20,
1919,2020-08-14,-2000,기타,할인,
1920,2020-08-14,7000,유흥,술,
1921,2020-08-15,4100,생활,편의점,GS25
1922,2020-08-15,1300,생활,편의점,교내편의점
1923,2020-08-15,30000,생활,편의점,교내편의점
1924,2020-08-15,48000,식사,구이,
1925,2020-08-15,6500,생활,편의점,교내편의점
1926,2020-08-16,3300,생활,편의점,교내편의점
1927,2020-08-17,16000,식사,분식,
1928,2020-08-17,2700,식사,카페,카페7그램
1929,2020-08-18,24500,식사,한식,
1930,2020-08-18,1500,식사,카페,카페7그램
1931,2020-08-18,2100,생활,편의점,세븐일레븐
1932,2020-08-19,3000,식사,카페,카페7그램
1933,2020-08-19,7000,유흥,술,
1934,2020-08-19,5900,생활,편의점,CU
1935,2020-08-20,7000,유흥,술,
1936,2020-08-20,5600,생활,편의점,세븐일레븐
1937,2020-08-20,6100,식사,카페,카페7그램
1938,2020-08-21,1500,식사,카페,카페7그램
1939,2020-08-21,4000,식사,카페,카페7그램
1940,2020-08-21,8500,식사,돈까스,
1941,2020-08-22,5500,생활,마트,대박집
1942,2020-08-22,6000,의료,병원,
1943,2020-08-22,46370,생활,마트,홈플러스
1944,2020-08-22,5500,의료,약국,
1945,2020-08-24,7300,생활,편의점,세븐일레븐
1946,2020-08-24,1000,생활,편의점,CU
1947,2020-08-24,1400,생활,편의점,CU
1948,2020-08-25,2500,생활,편의점,CU
1949,2020-08-25,2500,생활,편의점,CU
1950,2020-08-25,1500,식사,카페,카페7그램
1951,2020-08-25,3500,식사,분식,
1952,2020-08-26,2300,생활,편의점,GS25
1953,2020-08-26,1500,식사,카페,카페7그램
1954,2020-08-26,7000,식사,분식,
1955,2020-08-26,7000,유흥,술,
1956,2020-08-27,4700,생활,편의점,세븐일레븐
1957,2020-08-27,7000,유흥,술,
1958,2020-08-27,1500,식사,카페,카페7그램
1959,2020-08-28,8000,식사,한식,
1960,2020-08-28,1900,생활,편의점,CU
1961,2020-08-28,12000,식사,카페,빽다방
1962,2020-08-28,3000,식사,카페,빽다방
1963,2020-08-31,15000,식사,분식,
1964,2020-08-31,1000,생활,편의점,세븐일레븐
1965,2020-08-31,58400,교통,버스 22,
1966,2020-08-31,1500,식사,카페,카페7그램
1967,2020-08-31,2100,생활,편의점,세븐일레븐
1968,2020-09-01,19000,생활,마트,홈플러스
1969,2020-09-01,9700,의료,병원,
1970,2020-09-01,39300,의료,병원,
1971,2020-09-01,11000,의료,병원,
1972,2020-09-01,7500,식사,떡,
1973,2020-09-01,8000,식사,디저트,
1974,2020-09-02,10700,의료,병원,
1975,2020-09-02,3800,의료,병원,
1976,2020-09-02,249700,의료,병원,
1977,2020-09-03,2100,생활,편의점,세븐일레븐
1978,2020-09-03,-2500,기타,할인,
1979,2020-09-03,86220,문화,도서,교보문고
1980,2020-09-03,15850,문화,도서,교보문고
1981,2020-09-03,1500,식사,카페,카페7그램
1982,2020-09-04,1500,식사,카페,카페7그램
1983,2020-09-04,15000,식사,분식,
1984,2020-09-04,30700,쇼핑,온라인,인터파크
1985,2020-09-05,4200,의료,병원,
1986,2020-09-05,5200,의료,약국,
1987,2020-09-07,8400,생활,편의점,CU
1988,2020-09-07,7700,생활,편의점,CU
1989,2020-09-07,1500,식사,카페,카페7그램
1990,2020-09-08,8000,식사,한식,
1991,2020-09-08,3900,생활,편의점,CU
1992,2020-09-09,3900,생활,편의점,CU
1993,2020-09-09,1500,식사,카페,카페7그램
1994,2020-09-09,24500,식사,분식,
1995,2020-09-10,41600,통신,,
1996,2020-09-10,1500,식사,카페,카페7그램
1997,2020-09-10,8500,식사,돈까스,
1998,2020-09-11,4200,생활,편의점,CU
1999,2020-09-11,9200,생활,편의점,CU
2000,2020-09-11,1500,식사,카페,카페7그램
2001,2020-09-11,7000,유흥,술,
2002,2020-09-12,11070,의료,약국,
2003,2020-09-12,47200,의료,병원,
2004,2020-09-14,29000,식사,순대,
2005,2020-09-14,1500,식사,카페,카페7그램
2006,2020-09-14,14000,유흥,술,
2007,2020-09-14,5100,식사,카페,파머스빈
2008,2020-09-15,2500,생활,편의점,CU
2009,2020-09-15,2900,생활,편의점,CU
2010,2020-09-15,48000,교통,버스 18,
2011,2020-09-15,-2000,기타,할인,
2012,2020-09-15,7500,식사,분식,
2013,2020-09-16,8500,식사,카페,카페7그램
2014,2020-09-16,14000,유흥,술,
2015,2020-09-16,4300,생활,편의점,CU
2016,2020-09-17,11500,식사,카페,파머스빈
2017,2020-09-18,3900,생활,편의점,CU
2018,2020-09-18,14000,식사,한식,
2019,2020-09-18,1500,식사,카페,카페7그램
2020,2020-09-19,4200,의료,병원,
2021,2020-09-19,12060,의료,약국,
2022,2020-09-19,26000,쇼핑,온라인,라카이코리아
2023,2020-09-19,5000,생활,전자,LG
2024,2020-09-20,-13860,생활,마트,홈플러스
2025,2020-09-20,53490,생활,마트,홈플러스
2026,2020-09-20,13860,생활,마트,홈플러스
2027,2020-09-21,2700,생활,편의점,CU
2028,2020-09-21,1900,생활,편의점,CU
2029,2020-09-21,6200,식사,카페,카페7그램
2030,2020-09-21,14000,식사,순대,
2031,2020-09-22,15700,식사,햄버거,롯데리아
2032,2020-09-22,105530,쇼핑,온라인,인터파크
2033,2020-09-22,7000,유흥,술,
2034,2020-09-23,4000,생활,편의점,세븐일레븐
2035,2020-09-23,16500,식사,분식,
2036,2020-09-23,9500,식사,햄버거,롯데리아
2037,2020-09-23,1500,식사,카페,카페7그램
2038,2020-09-23,6200,생활,편의점,CU
2039,2020-09-23,20500,식사,햄버거,롯데리아
2040,2020-09-24,1500,생활,편의점,CU
2041,2020-09-24,4500,생활,편의점,CU
2042,2020-09-24,24000,식사,한식,
2043,2020-09-24,1500,식사,카페,카페7그램
2044,2020-09-24,22000,식사,베트남식,
2045,2020-09-25,8500,식사,카페,카페7그램
2046,2020-09-25,11100,생활,편의점,CU
2047,2020-09-25,8500,식사,돈까스,
2048,2020-09-26,36760,생활,마트,웰빙마트
2049,2020-09-26,13460,의료,약국,
2050,2020-09-26,128400,의료,병원,
2051,2020-09-26,19060,의료,약국,
2052,2020-09-26,-19060,의료,약국,
2053,2020-09-28,14000,식사,한식,
2054,2020-09-28,90000,쇼핑,온라인,인터파크
2055,2020-09-29,12900,기타,,
2056,2020-09-29,10400,식사,카페,카페7그램
2057,2020-09-29,8000,식사,한식,
2058,2020-09-29,6520,생활,편의점,CU
2059,2020-09-29,52400,교통,버스 20,
2060,2020-09-30,14500,식사,카페,전광수커피하우스
2061,2020-09-30,28000,식사,구이,
2062,2020-09-30,50000,교통,주유소,
2063,2020-09-30,2000,생활,마트,웰빙마트
2064,2020-10-01,2990,생활,마트,웰빙마트
2065,2020-10-02,17100,식사,카페,카페부부스
2066,2020-10-02,18000,식사,구이,
2067,2020-10-03,2990,생활,마트,웰빙마트
2068,2020-10-03,21900,식사,족발,
2069,2020-10-05,4100,생활,편의점,CU
2070,2020-10-05,1500,식사,카페,카페7그램
2071,2020-10-05,7000,유흥,술,
2072,2020-10-06,1900,생활,편의점,CU
2073,2020-10-06,8700,생활,편의점,CU
2074,2020-10-06,7000,식사,한식,
2075,2020-10-06,1500,식사,카페,카페7그램
2076,2020-10-07,8500,식사,돈까스,
2077,2020-10-07,14000,식사,순대,
2078,2020-10-07,3000,생활,편의점,CU
2079,2020-10-07,7250,식사,디저트,
2080,2020-10-08,2900,생활,편의점,CU
2081,2020-10-08,16000,식사,한식,
2082,2020-10-08,1500,식사,카페,카페7그램
2083,2020-10-09,40900,교통,택시,
2084,2020-10-10,20570,쇼핑,온라인,G마켓
2085,2020-10-10,16400,식사,카페,스타벅스
2086,2020-10-10,-3280,기타,할인,
2087,2020-10-10,5400,생활,편의점,세븐일레븐
2088,2020-10-11,2000,생활,마트,웰빙마트
2089,2020-10-11,36800,식사,족발,
2090,2020-10-12,7000,유흥,술,
2091,2020-10-12,2000,생활,편의점,세븐일레븐
2092,2020-10-12,4000,의료,약국,
2093,2020-10-12,21710,통신,,
2094,2020-10-12,5700,생활,편의점,CU
2095,2020-10-12,2600,생활,편의점,CU
2096,2020-10-12,1500,식사,카페,카페7그램
2097,2020-10-13,3700,생활,편의점,CU
2098,2020-10-13,14000,식사,한식,
2099,2020-10-13,4900,식사,햄버거,맥도날드
2100,2020-10-13,56320,쇼핑,온라인,인터파크
2101,2020-10-13,-56320,쇼핑,온라인,인터파크
2102,2020-10-13,18820,식사,디저트,
2103,2020-10-14,2200,생활,편의점,CU
2104,2020-10-14,1500,식사,카페,카페7그램
2105,2020-10-15,3800,식사,카페,파머스빈
2106,2020-10-15,5500,식사,카페,파머스빈
2107,2020-10-15,25100,식사,순대,
2108,2020-10-15,7500,식사,분식,
2109,2020-10-15,22570,쇼핑,온라인,G마켓
2110,2020-10-15,46400,교통,버스 17,
2111,2020-10-15,1500,생활,편의점,CU
2112,2020-10-15,-2000,기타,할인,
2113,2020-10-16,7000,식사,한식,
2114,2020-10-16,700,생활,편의점,CU
2115,2020-10-16,9500,생활,편의점,CU
2116,2020-10-17,7970,생활,마트,웰빙마트
2117,2020-10-17,53410,쇼핑,온라인,인터파크
2118,2020-10-17,48590,쇼핑,온라인,인터파크
2119,2020-10-19,1500,생활,편의점,CU
2120,2020-10-19,7000,식사,한식,
2121,2020-10-19,1500,식사,카페,카페7그램
2122,2020-10-19,10800,생활,편의점,GS25
2123,2020-10-19,-540,기타,할인,
2124,2020-10-20,10000,식사,분식,
2125,2020-10-20,10400,식사,카페,파머스빈
2126,2020-10-21,17400,식사,순대,
2127,2020-10-21,700,생활,편의점,CU
2128,2020-10-21,7000,식사,중식,
2129,2020-10-21,1500,식사,카페,카페7그램
2130,2020-10-21,2400,생활,편의점,세븐일레븐
2131,2020-10-22,4000,생활,편의점,세븐일레븐
2132,2020-10-22,1500,식사,카페,카페7그램
2133,2020-10-22,17000,식사,돈까스,
2134,2020-10-23,1500,생활,편의점,CU
2135,2020-10-23,7000,식사,한식,
2136,2020-10-23,9900,식사,중식,
2137,2020-10-23,3900,식사,카페,파머스빈
2138,2020-10-24,1900,생활,편의점,CU
2139,2020-10-24,2400,생활,편의점,CU
2140,2020-10-25,90000,쇼핑,온라인,인터파크
2141,2020-10-26,9000,식사,카페,바나프레소
2142,2020-10-26,6500,식사,분식,
2143,2020-10-26,3000,생활,편의점,세븐일레븐
2144,2020-10-26,-9791,기타,포인트사용,
2145,2020-10-26,5900,식사,디저트,
2146,2020-10-26,60000,문화,도서,교보문고
2147,2020-10-26,6500,식사,디저트,
2148,2020-10-26,-2500,기타,할인,
2149,2020-10-27,4000,식사,카페,카페7그램
2150,2020-10-27,8500,식사,돈까스,
2151,2020-10-28,14400,식사,햄버거,롯데리아
2152,2020-10-28,8500,식사,카페,카페7그램
2153,2020-10-28,950,생활,편의점,세븐일레븐
2154,2020-10-28,800,생활,편의점,CU
2155,2020-10-28,7000,식사,한식,
2156,2020-10-29,1500,생활,편의점,CU
2157,2020-10-29,1400,생활,편의점,CU
2158,2020-10-29,19000,식사,중식,
2159,2020-10-29,22000,식사,카페,카페7그램
2160,2020-10-29,8000,식사,카페,빽다방
2161,2020-10-29,5500,식사,카페,파머스빈
2162,2020-10-30,8000,식사,한식,
2163,2020-10-30,1900,생활,편의점,CU
2164,2020-10-30,5600,생활,편의점,CU
2165,2020-10-30,9000,식사,디저트,
2166,2020-10-31,70800,교통,버스 26,
2167,2020-10-31,6300,식사,카페,스타벅스
2168,2020-10-31,7000,생활,마트,웰빙마트
2169,2020-11-02,5300,생활,편의점,CU
2170,2020-11-02,1500,식사,카페,카페7그램
2171,2020-11-02,7000,유흥,술,
2172,2020-11-03,2400,생활,편의점,CU
2173,2020-11-03,14000,식사,한식,
2174,2020-11-03,10000,식사,돈까스,
2175,2020-11-03,1500,식사,카페,카페7그램
2176,2020-11-04,10000,식사,돈까스,
2177,2020-11-04,7000,식사,한식,
2178,2020-11-04,1500,생활,편의점,CU
2179,2020-11-05,4000,생활,편의점,CU
2180,2020-11-05,18600,식사,디저트,
2181,2020-11-06,11000,식사,카페,카페7그램
2182,2020-11-06,7500,식사,분식,
2183,2020-11-07,5600,생활,편의점,CU
2184,2020-11-07,2600,생활,편의점,CU
2185,2020-11-07,3000,생활,마트,웰빙마트
2186,2020-11-08,68900,쇼핑,온라인,YES24
2187,2020-11-08,6900,식사,디저트,
2188,2020-11-08,4500,식사,카페,카페7그램
2189,2020-11-09,7000,식사,한식,
2190,2020-11-09,10000,생활,편의점,세븐일레븐
2191,2020-11-09,12650,식사,디저트,
2192,2020-11-10,1500,식사,카페,카페7그램
2193,2020-11-10,8500,식사,카페,카페7그램
2194,2020-11-10,2200,생활,편의점,세븐일레븐
2195,2020-11-11,9950,생활,편의점,세븐일레븐
2196,2020-11-11,32400,식사,중식,
2197,2020-11-11,20000,식사,구이,
2198,2020-11-11,1500,식사,카페,카페7그램
2199,2020-11-11,41600,통신,,
2200,2020-11-12,13600,식사,카페,스타벅스
2201,2020-11-12,-2720,기타,할인,
2202,2020-11-12,8000,식사,한식,
2203,2020-11-12,6100,생활,편의점,세븐일레븐
2204,2020-11-13,-2500,기타,할인,
2205,2020-11-13,60000,문화,도서,교보문고
2206,2020-11-13,8500,식사,디저트,
2207,2020-11-13,17200,식사,순대,
2208,2020-11-13,-2000,기타,할인,
2209,2020-11-13,61600,교통,버스 23,
2210,2020-11-13,700,생활,편의점,CU
2211,2020-11-14,11900,식사,피자,
2212,2020-11-14,4000,생활,마트,웰빙마트
2213,2020-11-16,2800,생활,편의점,CU
2214,2020-11-16,4400,생활,편의점,CU
2215,2020-11-16,8500,식사,카페,카페7그램
2216,2020-11-16,8000,식사,카페,빽다방
2217,2020-11-17,12500,식사,분식,
2218,2020-11-17,7000,식사,한식,
2219,2020-11-17,5200,식사,카페,스타벅스
2220,2020-11-18,300,식사,카페,스타벅스
2221,2020-11-18,119000,생활,전자,LG
2222,2020-11-18,10700,의료,병원,
2223,2020-11-18,69900,의료,병원,
2224,2020-11-18,20000,의료,병원,
2225,2020-11-18,10700,의료,병원,
2226,2020-11-18,12000,생활,전자,LG
2227,2020-11-19,10000,식사,돈까스,
2228,2020-11-20,10500,식사,순대,
2229,2020-11-20,9400,식사,디저트,
2230,2020-11-21,7320,생활,편의점,GS25
2231,2020-11-21,3900,생활,편의점,GS25
2232,2020-11-21,2200,생활,편의점,GS25
2233,2020-11-21,1200,생활,편의점,GS25
2234,2020-11-23,10500,생활,편의점,CU
2235,2020-11-23,7000,식사,카페,빽다방
2236,2020-11-24,8000,식사,한식,
2237,2020-11-25,1500,생활,편의점,CU
2238,2020-11-25,9900,식사,중식,
2239,2020-11-25,26500,식사,한식,
2240,2020-11-26,2800,생활,편의점,CU
2241,2020-11-26,1500,식사,카페,카페7그램
2242,2020-11-26,7500,식사,분식,
2243,2020-11-26,3700,생활,편의점,세븐일레븐
2244,2020-11-27,9500,식사,돈까스,
2245,2020-11-30,60000,교통,버스 22,
2246,2020-11-30,8500,식사,카페,카페7그램
2247,2020-11-30,2800,생활,편의점,CU
2248,2020-11-30,7000,식사,카페,빽다방
2249,2020-12-01,4300,생활,편의점,CU
2250,2020-12-01,5000,생활,편의점,CU
2251,2020-12-01,1500,식사,카페,카페7그램
2252,2020-12-02,1600,생활,편의점,CU
2253,2020-12-02,9600,생활,편의점,CU
2254,2020-12-02,1500,식사,카페,카페7그램
2255,2020-12-02,6500,식사,카페,빽다방
2256,2020-12-02,3000,생활,편의점,GS25
2257,2020-12-03,8500,식사,돈까스,
2258,2020-12-03,13500,식사,분식,
2259,2020-12-03,5500,식사,카페,카페7그램
2260,2020-12-03,7000,식사,카페,카페7그램
2261,2020-12-04,1500,생활,편의점,CU
2262,2020-12-04,1500,식사,카페,카페7그램
2263,2020-12-04,6500,식사,카페,빽다방
2264,2020-12-04,27000,식사,한식,
2265,2020-12-05,980,식사,디저트,
2266,2020-12-07,10000,식사,한식,
2267,2020-12-07,1500,식사,카페,카페7그램
2268,2020-12-07,19500,식사,돈까스,
2269,2020-12-07,4000,식사,카페,카페7그램
2270,2020-12-08,1800,생활,편의점,CU
2271,2020-12-08,1500,식사,카페,카페7그램
2272,2020-12-08,6700,식사,햄버거,롯데리아
2273,2020-12-09,5400,식사,카페,카페7그램
2274,2020-12-09,3500,생활,편의점,CU
2275,2020-12-09,2300,생활,편의점,CU
2276,2020-12-09,2000,쇼핑,온라인,네이버
2277,2020-12-09,2000,쇼핑,온라인,네이버
2278,2020-12-10,41600,통신,,
2279,2020-12-10,9500,식사,돈까스,
2280,2020-12-11,800,생활,편의점,CU
2281,2020-12-11,8500,식사,카페,카페7그램
2282,2020-12-11,5500,식사,카페,바나프레소
2283,2020-12-12,3000,생활,편의점,GS25
2284,2020-12-12,30000,식사,일식,
2285,2020-12-12,3590,생활,마트,웰빙마트
2286,2020-12-13,36800,식사,족발,
2287,2020-12-14,24900,식사,중식,
2288,2020-12-14,9900,생활,편의점,CU
2289,2020-12-14,9500,식사,카페,카페7그램
2290,2020-12-15,4300,생활,편의점,CU
2291,2020-12-15,59600,교통,버스 22,
2292,2020-12-15,-2000,기타,할인,
2293,2020-12-15,10400,식사,카페,카페7그램
2294,2020-12-16,2800,교통,휴게소,
2295,2020-12-17,700,생활,편의점,CU
2296,2020-12-17,8500,식사,카페,카페7그램
2297,2020-12-17,12500,식사,카페,카페7그램
2298,2020-12-18,8000,식사,카페,카페7그램
2299,2020-12-18,1800,생활,편의점,CU
2300,2020-12-18,1500,식사,카페,카페7그램
2301,2020-12-19,4900,생활,편의점,GS25
2302,2020-12-21,3700,생활,편의점,CU
2303,2020-12-21,1500,식사,카페,카페7그램
2304,2020-12-22,9500,식사,돈까스,
2305,2020-12-22,5000,식사,카페,카페7그램
2306,2020-12-23,-2500,기타,할인,
2307,2020-12-23,4500,생활,편의점,세븐일레븐
2308,2020-12-23,55000,문화,도서,교보문고
2309,2020-12-23,2200,생활,편의점,CU
2310,2020-12-24,1500,식사,카페,카페7그램
2311,2020-12-24,10000,식사,카페,카페7그램
2312,2020-12-24,6500,식사,카페,빽다방
2313,2020-12-24,34200,식사,순대,
2314,2020-12-28,5400,생활,편의점,CU
2315,2020-12-29,1500,식사,카페,카페7그램
2316,2020-12-29,13600,식사,햄버거,롯데리아
2317,2020-12-30,8000,식사,카페,빽다방
2318,2020-12-30,2200,생활,편의점,CU
2319,2020-12-30,1500,식사,카페,카페7그램
2320,2020-12-30,2500,식사,카페,카페7그램
2321,2020-12-31,10000,식사,돈까스,
2322,2020-12-31,1500,식사,카페,카페7그램
2323,2020-12-31,1800,생활,편의점,CU
2324,2020-12-31,56800,교통,버스 21,
2325,2020-12-31,11500,식사,카페,빽다방
2326,2021-01-03,318770,쇼핑,온라인,G마켓
2327,2021-01-04,2200,생활,편의점,CU
2328,2021-01-04,8500,식사,카페,카페7그램
2329,2021-01-04,6500,식사,카페,빽다방
2330,2021-01-04,27000,식사,한식,
2331,2021-01-05,2100,생활,편의점,CU
2332,2021-01-05,1500,식사,카페,카페7그램
2333,2021-01-05,6700,식사,순대,
2334,2021-01-06,3500,식사,카페,카페7그램
2335,2021-01-06,-5000,식사,카페,카페7그램
2336,2021-01-06,5000,식사,카페,카페7그램
2337,2021-01-06,1500,식사,카페,카페7그램
2338,2021-01-06,2200,생활,편의점,CU
2339,2021-01-07,8500,식사,카페,카페7그램
2340,2021-01-07,27000,식사,한식,
2341,2021-01-07,2670,생활,편의점,세븐일레븐
2342,2021-01-08,37000,식사,중식,
2343,2021-01-08,1500,식사,카페,카페7그램
2344,2021-01-09,16000,식사,치킨,교촌치킨
2345,2021-01-09,36800,식사,족발,
2346,2021-01-11,4600,식사,카페,카페7그램
2347,2021-01-11,1500,식사,카페,카페7그램
2348,2021-01-11,5000,식사,카페,카페7그램
2349,2021-01-12,8500,식사,카페,카페7그램
2350,2021-01-12,18400,식사,순대,
2351,2021-01-12,4000,생활,편의점,GS25
2352,2021-01-13,1500,식사,카페,카페7그램
2353,2021-01-14,8500,생활,편의점,CU
2354,2021-01-14,9500,식사,중식,
2355,2021-01-14,1500,식사,카페,카페7그램
2356,2021-01-15,-2000,기타,할인,
2357,2021-01-15,19000,식사,돈까스,
2358,2021-01-15,5000,식사,카페,카페7그램
2359,2021-01-15,54800,교통,버스 20,
2360,2021-01-15,1500,식사,카페,카페7그램
2361,2021-01-16,2000,교통,휴게소,
2362,2021-01-16,39000,교통,택시,
2363,2021-01-16,35000,식사,닭강정,
2364,2021-01-16,80000,생활,마트,건어물마트
2365,2021-01-17,3000,식사,카페,투썸플레이스
2366,2021-01-18,14100,식사,햄버거,롯데리아
2367,2021-01-18,2300,생활,편의점,CU
2368,2021-01-18,1500,식사,카페,카페7그램
2369,2021-01-19,2200,생활,편의점,CU
2370,2021-01-19,10000,식사,돈까스,
2371,2021-01-19,1500,식사,카페,카페7그램
2372,2021-01-19,3900,식사,카페,카페7그램
2373,2021-01-20,1500,식사,카페,카페7그램
2374,2021-01-20,3000,생활,편의점,CU
2375,2021-01-20,2000,생활,오피스,다이소
2376,2021-01-20,57570,통신,,
2377,2021-01-20,-2500,기타,할인,
2378,2021-01-21,800,생활,편의점,CU
2379,2021-01-21,25000,식사,돈까스,
2380,2021-01-21,9500,식사,카페,카페7그램
2381,2021-01-21,7000,식사,카페,빽다방
2382,2021-01-22,3000,식사,카페,카페7그램
2383,2021-01-23,28000,식사,치킨,깐부치킨
2384,2021-01-23,6620,생활,편의점,GS25
2385,2021-01-25,1500,식사,카페,카페7그램
2386,2021-01-25,13000,생활,편의점,CU
2387,2021-01-25,3000,생활,편의점,CU
2388,2021-01-26,2300,생활,편의점,CU
2389,2021-01-26,3000,식사,카페,카페7그램
2390,2021-01-26,2500,식사,햄버거,롯데리아
2391,2021-01-26,17000,식사,돈까스,
2392,2021-01-27,9500,식사,카페,카페7그램
2393,2021-01-27,1500,식사,카페,카페7그램
2394,2021-01-27,34400,식사,중식,
2395,2021-01-28,6500,식사,카페,빽다방
2396,2021-01-28,10000,식사,카페,카페7그램
2397,2021-01-28,2300,생활,편의점,CU
2398,2021-01-28,1500,식사,카페,카페7그램
2399,2021-01-29,54400,교통,버스 20,
2400,2021-01-29,1500,식사,카페,카페7그램
2401,2021-01-29,11500,식사,카페,카페7그램
2402,2021-01-29,20000,식사,분식,
2403,2021-01-30,44500,쇼핑,온라인,네이버
2404,2021-01-30,3000,생활,마트,웰빙마트
2405,2021-01-31,28000,식사,디저트,
2406,2021-01-31,10000,식사,치킨,교촌치킨
2407,2021-02-01,1500,식사,카페,카페7그램
2408,2021-02-01,4300,식사,카페,카페7그램
2409,2021-02-01,8000,식사,한식,
2410,2021-02-01,950,생활,편의점,세븐일레븐
2411,2021-02-02,1400,생활,편의점,CU
2412,2021-02-02,33900,식사,중식,
2413,2021-02-02,12200,식사,카페,바나프레소
2414,2021-02-03,4000,생활,오피스,다이소
2415,2021-02-03,1500,식사,카페,카페7그램
2416,2021-02-03,5000,식사,카페,카페7그램
2417,2021-02-03,7500,식사,돈까스,
2418,2021-02-04,30000,식사,한식,
2419,2021-02-04,1500,식사,카페,카페7그램
2420,2021-02-04,24500,식사,중식,
2421,2021-02-05,10000,식사,돈까스,
2422,2021-02-05,1500,식사,카페,카페7그램
2423,2021-02-05,6800,식사,햄버거,롯데리아
2424,2021-02-05,2500,식사,햄버거,롯데리아
2425,2021-02-06,2000,생활,마트,웰빙마트
2426,2021-02-07,41800,식사,족발,
2427,2021-02-08,3500,생활,편의점,CU
2428,2021-02-08,1500,식사,카페,카페7그램
2429,2021-02-09,9500,식사,카페,카페7그램
2430,2021-02-09,1900,생활,편의점,세븐일레븐
2431,2021-02-10,42500,식사,중식,
2432,2021-02-10,1500,식사,카페,카페7그램
2433,2021-02-13,3300,생활,마트,웰빙마트
2434,2021-02-15,58100,통신,,
2435,2021-02-15,-2500,기타,할인,
2436,2021-02-15,50000,교통,버스 18,
2437,2021-02-15,-2000,기타,할인,
2438,2021-02-15,1500,식사,카페,카페7그램
2439,2021-02-15,5400,식사,카페,카페7그램
2440,2021-02-15,8000,식사,카페,빽다방
2441,2021-02-16,1500,식사,카페,카페7그램
2442,2021-02-16,30500,식사,한식,
2443,2021-02-17,1500,식사,카페,카페7그램
2444,2021-02-18,32000,식사,한식,
2445,2021-02-19,29700,식사,중식,
2446,2021-02-19,4900,생활,편의점,CU
2447,2021-02-20,3000,생활,마트,웰빙마트
2448,2021-02-20,11600,식사,카페,위츠커피
2449,2021-02-20,12300,식사,카페,위츠커피
2450,2021-02-21,72000,문화,게임,
2451,2021-02-22,21000,식사,순대,
2452,2021-02-23,9500,식사,카페,카페7그램
2453,2021-02-23,16000,식사,한식,
2454,2021-02-24,14000,식사,햄버거,롯데리아
2455,2021-02-25,3800,생활,편의점,CU
2456,2021-02-26,10000,식사,카페,카페7그램
2457,2021-02-26,3600,생활,편의점,CU
2458,2021-02-26,49200,교통,버스 18,
2459,2021-02-26,27000,식사,한식,
2460,2021-03-02,1500,식사,카페,카페7그램
2461,2021-03-02,8000,식사,한식,
2462,2021-03-03,1500,식사,카페,카페7그램
2463,2021-03-03,8000,식사,한식,
2464,2021-03-04,4000,생활,편의점,CU
2465,2021-03-04,16500,식사,분식,
2466,2021-03-04,2000,식사,카페,카페7그램
2467,2021-03-05,5500,식사,카페,카페7그램
2468,2021-03-05,8000,식사,한식,
2469,2021-03-07,37000,식사,족발,
2470,2021-03-07,3300,생활,마트,웰빙마트
2471,2021-03-08,4200,생활,편의점,CU
2472,2021-03-08,4000,식사,카페,카페7그램
2473,2021-03-09,1500,식사,카페,카페7그램
2474,2021-03-09,23500,식사,돈까스,
2475,2021-03-09,2900,생활,편의점,CU
2476,2021-03-09,7000,식사,돈까스,
2477,2021-03-10,1500,식사,카페,카페7그램
2478,2021-03-10,17100,식사,디저트,
2479,2021-03-11,58100,통신,,
2480,2021-03-11,-2500,기타,할인,
2481,2021-03-11,3900,생활,편의점,CU
2482,2021-03-11,24000,식사,한식,
2483,2021-03-12,10500,식사,카페,바나프레소
2484,2021-03-12,8000,식사,한식,
2485,2021-03-13,13000,생활,헤어,
2486,2021-03-13,19300,식사,햄버거,롯데리아
2487,2021-03-15,54800,교통,버스 20,
2488,2021-03-15,-2000,기타,할인,
2489,2021-03-15,1500,식사,카페,카페7그램
2490,2021-03-15,8000,식사,한식,
2491,2021-03-15,2000,생활,편의점,세븐일레븐
2492,2021-03-16,4500,식사,카페,카페7그램
2493,2021-03-16,3100,생활,편의점,CU
2494,2021-03-16,800,생활,편의점,CU
2495,2021-03-17,1500,생활,편의점,CU
2496,2021-03-17,4500,식사,카페,카페7그램
2497,2021-03-17,32000,식사,한식,
2498,2021-03-18,4500,식사,카페,카페7그램
2499,2021-03-18,2000,생활,편의점,세븐일레븐
2500,2021-03-18,57200,식사,베트남식,
2501,2021-03-19,10500,식사,순대,
2502,2021-03-19,8000,식사,한식,
2503,2021-03-19,4500,식사,카페,카페7그램
2504,2021-03-22,1500,생활,편의점,CU
2505,2021-03-22,3900,생활,편의점,CU
2506,2021-03-22,3600,생활,편의점,세븐일레븐
2507,2021-03-23,3500,생활,편의점,CU
2508,2021-03-23,5000,식사,카페,빽다방
2509,2021-03-23,3800,식사,카페,파머스빈
2510,2021-03-24,10300,식사,카페,파머스빈
2511,2021-03-24,10500,식사,순대,
2512,2021-03-24,8000,식사,한식,
2513,2021-03-25,18000,식사,일식,
2514,2021-03-25,16900,식사,햄버거,롯데리아
2515,2021-03-25,20000,식사,한식,
2516,2021-03-26,10000,식사,돈까스,
2517,2021-03-26,8000,식사,한식,
2518,2021-03-26,6800,식사,카페,파머스빈
2519,2021-03-29,8000,식사,한식,
2520,2021-03-30,15000,식사,레스토랑,
2521,2021-03-30,21500,식사,분식,
2522,2021-03-30,15400,식사,카페,바나프레소
2523,2021-03-30,5200,생활,편의점,세븐일레븐
2524,2021-03-31,61200,교통,버스 23,
2525,2021-03-31,1500,식사,카페,스타벅스
2526,2021-03-31,3000,생활,편의점,CU
2527,2021-03-31,13500,식사,한식,
2528,2021-04-01,14500,식사,돈까스,
2529,2021-04-01,2000,생활,편의점,세븐일레븐
2530,2021-04-01,3500,생활,편의점,세븐일레븐
2531,2021-04-02,10700,식사,순대,
2532,2021-04-02,10100,식사,카페,파머스빈
2533,2021-04-02,14800,식사,베트남식,
2534,2021-04-04,25800,생활,마트,홈플러스
2535,2021-04-04,14000,식사,닭강정,
2536,2021-04-05,8000,기타,,
2537,2021-04-05,2000,생활,편의점,세븐일레븐
2538,2021-04-05,5200,식사,카페,파머스빈
2539,2021-04-06,32000,식사,한식,
2540,2021-04-06,66690,쇼핑,온라인,인터파크
2541,2021-04-06,8000,식사,한식,
2542,2021-04-07,9500,식사,카페,바나프레소
2543,2021-04-07,21500,쇼핑,온라인,라카이코리아
2544,2021-04-07,7500,식사,돈까스,
2545,2021-04-07,20000,쇼핑,온라인,네이버
2546,2021-04-08,14000,식사,한식,
2547,2021-04-08,8000,식사,한식,
2548,2021-04-08,7300,식사,카페,파머스빈
2549,2021-04-09,6000,식사,카페,빽다방
2550,2021-04-09,21100,식사,디저트,
2551,2021-04-09,8000,식사,한식,
2552,2021-04-10,1000,생활,편의점,세븐일레븐
2553,2021-04-10,55000,식사,치킨,CF숯불바베큐
2554,2021-04-10,7650,기타,,
2555,2021-04-12,58100,통신,,
2556,2021-04-12,-2500,기타,할인,
2557,2021-04-12,10000,식사,돈까스,
2558,2021-04-12,31500,식사,중식,
2559,2021-04-13,7600,식사,카페,파머스빈
2560,2021-04-13,8000,식사,한식,
2561,2021-04-14,11200,식사,카페,바나프레소
2562,2021-04-14,10000,식사,돈까스,
2563,2021-04-14,4200,생활,편의점,CU
2564,2021-04-15,63600,교통,버스 23,
2565,2021-04-15,-2000,기타,할인,
2566,2021-04-15,7000,식사,분식,
2567,2021-04-16,2000,생활,편의점,CU
2568,2021-04-16,2200,생활,편의점,CU
2569,2021-04-16,54500,식사,중식,
2570,2021-04-17,32000,식사,카페,담소
2571,2021-04-19,6600,식사,카페,파머스빈
2572,2021-04-19,6000,식사,카페,쥬스식스
2573,2021-04-20,24000,기타,,
2574,2021-04-20,5700,식사,카페,파머스빈
2575,2021-04-21,21000,식사,일식,
2576,2021-04-22,11000,식사,카페,빽다방
2577,2021-04-22,16000,식사,한식,
2578,2021-04-22,12750,식사,디저트,
2579,2021-04-22,13800,식사,카페,해머스미스
2580,2021-04-23,8300,식사,카페,해머스미스
2581,2021-04-23,8000,식사,한식,
2582,2021-04-24,5200,생활,편의점,GS25
2583,2021-04-24,48000,식사,일식,
2584,2021-04-26,8000,식사,한식,
2585,2021-04-26,7300,식사,카페,해머스미스
2586,2021-04-27,18000,식사,돈까스,
2587,2021-04-27,10300,식사,카페,해머스미스
2588,2021-04-28,3800,생활,편의점,CU
2589,2021-04-28,8000,기타,,
2590,2021-04-28,2800,식사,카페,해머스미스
2591,2021-04-29,7100,식사,햄버거,롯데리아
2592,2021-04-29,4000,생활,편의점,세븐일레븐
2593,2021-04-29,1800,생활,편의점,세븐일레븐
2594,2021-04-30,60400,교통,버스 22,
2595,2021-04-30,27500,식사,중식,
2596,2021-04-30,2000,생활,편의점,세븐일레븐
2597,2021-04-30,9300,식사,카페,해머스미스
2598,2021-05-01,53500,식사,구이,
2599,2021-05-01,5000,생활,편의점,GS25
2600,2021-05-01,4000,생활,편의점,GS25
2601,2021-05-03,800,생활,편의점,CU
2602,2021-05-03,26000,식사,한식,
2603,2021-05-03,4800,식사,카페,해머스미스
2604,2021-05-05,167300,쇼핑,온라인,G마켓
2605,2021-05-06,2800,생활,편의점,CU
2606,2021-05-06,14400,식사,카페,바나프레소
2607,2021-05-07,7500,식사,분식,
2608,2021-05-07,2000,생활,편의점,세븐일레븐
2609,2021-05-07,4800,식사,카페,해머스미스
2610,2021-05-07,21300,식사,카페,해머스미스
2611,2021-05-08,11900,식사,피자,
2612,2021-05-08,2000,생활,마트,웰빙마트
2613,2021-05-10,6300,식사,카페,해머스미스
2614,2021-05-10,10000,식사,돈까스,
2615,2021-05-10,2100,생활,편의점,CU
2616,2021-05-11,18000,식사,한식,
2617,2021-05-12,8000,기타,,
2618,2021-05-12,13000,식사,한식,
2619,2021-05-13,5500,식사,분식,
2620,2021-05-13,13500,식사,한식,
2621,2021-05-14,1800,생활,편의점,세븐일레븐
2622,2021-05-14,8000,식사,한식,
2623,2021-05-14,8500,식사,카페,쥬스식스
2624,2021-05-14,-2000,기타,할인,
2625,2021-05-14,35200,교통,버스 13,
2626,2021-05-14,1800,식사,카페,스타벅스
2627,2021-05-16,33000,쇼핑,패션,MLB
2628,2021-05-16,49000,생활,전자,삼성
2629,2021-05-17,35960,쇼핑,온라인,인터파크
2630,2021-05-17,8300,식사,카페,해머스미스
2631,2021-05-18,21000,식사,한식,
2632,2021-05-18,2400,생활,편의점,CU
2633,2021-05-18,10000,식사,돈까스,
2634,2021-05-19,85000,식사,한식,
2635,2021-05-19,214500,식사,한식,
2636,2021-05-20,58100,통신,,
2637,2021-05-20,-2500,기타,할인,
2638,2021-05-20,700,생활,편의점,CU
2639,2021-05-20,18000,식사,일식,
2640,2021-05-21,7000,식사,카페,해머스미스
2641,2021-05-22,36400,유흥,술,
2642,2021-05-22,211000,식사,중식,
2643,2021-05-23,4000,생활,편의점,GS25
2644,2021-05-24,28500,식사,돈까스,
2645,2021-05-24,1800,생활,편의점,세븐일레븐
2646,2021-05-25,2000,생활,편의점,세븐일레븐
2647,2021-05-25,8000,식사,카페,해머스미스
2648,2021-05-26,-2500,기타,할인,
2649,2021-05-26,74880,문화,도서,교보문고
2650,2021-05-26,8000,기타,,
2651,2021-05-26,17300,생활,편의점,CU
2652,2021-05-26,5120,문화,도서,교보문고
2653,2021-05-27,1400,생활,편의점,CU
2654,2021-05-27,9000,식사,중식,
2655,2021-05-27,8300,식사,카페,해머스미스
2656,2021-05-28,1800,생활,편의점,CU
2657,2021-05-28,19000,식사,일식,
2658,2021-05-28,7740,생활,마트,롯데마트
2659,2021-05-28,6600,식사,카페,해머스미스
2660,2021-05-29,5000,생활,편의점,GS25
2661,2021-05-30,10000,생활,편의점,GS25
2662,2021-05-30,-500,기타,할인,
2663,2021-05-31,52000,교통,버스 19,
2664,2021-05-31,8600,생활,편의점,CU
2665,2021-05-31,2800,식사,카페,해머스미스
2666,2021-06-01,10000,식사,일식,
2667,2021-06-01,13500,식사,한식,
2668,2021-06-01,8000,식사,카페,해머스미스
2669,2021-06-02,12500,식사,카페,빽다방
2670,2021-06-02,4500,식사,카페,해머스미스
2671,2021-06-03,10000,식사,돈까스,
2672,2021-06-03,6800,식사,햄버거,롯데리아
2673,2021-06-03,2000,생활,편의점,세븐일레븐
2674,2021-06-04,5700,식사,카페,파머스빈
2675,2021-06-04,1000,생활,편의점,세븐일레븐
2676,2021-06-04,2900,생활,편의점,CU
2677,2021-06-04,16000,식사,한식,
2678,2021-06-06,9200,식사,카페,아이스달달
2679,2021-06-06,3300,생활,마트,웰빙마트
2680,2021-06-07,7000,식사,순대,
2681,2021-06-07,14000,식사,카페,빽다방
2682,2021-06-07,5500,식사,카페,빽다방
2683,2021-06-07,8000,식사,카페,해머스미스
2684,2021-06-08,1900,식사,카페,파머스빈
2685,2021-06-08,2900,생활,편의점,CU
2686,2021-06-08,20000,식사,일식,
2687,2021-06-09,21000,식사,분식,
2688,2021-06-09,10000,식사,돈까스,
2689,2021-06-10,8000,기타,,
2690,2021-06-10,8000,식사,한식,
2691,2021-06-11,7500,식사,카페,빅컵커피
2692,2021-06-11,17500,식사,돈까스,
2693,2021-06-11,5600,식사,디저트,
2694,2021-06-11,9600,식사,카페,해머스미스
2695,2021-06-12,21000,식사,만두,
2696,2021-06-12,12000,식사,카페,아이스달달
2697,2021-06-13,25000,식사,일식,
2698,2021-06-14,8300,식사,카페,해머스미스
2699,2021-06-14,2500,생활,편의점,CU
2700,2021-06-14,22500,식사,카페,빽다방
2701,2021-06-15,56800,교통,버스 21,
2702,2021-06-15,-2000,기타,할인,
2703,2021-06-15,8000,기타,,
2704,2021-06-15,50000,문화,도서,교보문고
2705,2021-06-15,-2500,기타,할인,
2706,2021-06-15,1900,식사,카페,파머스빈
2707,2021-06-16,10000,식사,일식,
2708,2021-06-17,7810,식사,중식,
2709,2021-06-17,7900,생활,편의점,CU
2710,2021-06-17,7000,식사,카페,빽다방
2711,2021-06-18,19900,생활,편의점,CU
2712,2021-06-18,8000,식사,카페,해머스미스
2713,2021-06-19,2500,교통,지하철 2,
2714,2021-06-19,11900,식사,피자,
2715,2021-06-19,37000,식사,족발,
2716,2021-06-19,40000,생활,전자,애플
2717,2021-06-19,14400,식사,카페,아이스달달
2718,2021-06-21,4800,식사,카페,해머스미스
2719,2021-06-21,24000,기타,,
2720,2021-06-21,-2500,기타,할인,
2721,2021-06-21,58540,통신,,
2722,2021-06-22,8300,생활,편의점,CU
2723,2021-06-22,6600,식사,카페,해머스미스
2724,2021-06-22,9300,식사,카페,해머스미스
2725,2021-06-23,24000,식사,한식,
2726,2021-06-23,149000,쇼핑,온라인,11번가
2727,2021-06-23,8000,식사,한식,
2728,2021-06-23,2000,생활,편의점,세븐일레븐
2729,2021-06-24,8000,식사,한식,
2730,2021-06-24,2200,생활,편의점,CU
2731,2021-06-25,1800,생활,편의점,CU
2732,2021-06-25,11900,생활,편의점,CU
2733,2021-06-25,14280,식사,중식,
2734,2021-06-26,14000,식사,닭강정,
2735,2021-06-26,15550,쇼핑,온라인,네이버
2736,2021-06-26,22800,생활,마트,홈플러스
2737,2021-06-26,36980,생활,마트,홈플러스
2738,2021-06-26,7360,생활,마트,롯데마트
2739,2021-06-26,12400,식사,카페,아이스달달
2740,2021-06-26,39000,쇼핑,온라인,라카이코리아
2741,2021-06-27,30500,쇼핑,온라인,인터파크
2742,2021-06-28,9200,생활,편의점,CU
2743,2021-06-28,7000,식사,카페,해머스미스
2744,2021-06-29,7000,식사,카페,빽다방
2745,2021-06-30,33000,쇼핑,온라인,네이버
2746,2021-06-30,25500,식사,중식,
2747,2021-06-30,5600,생활,편의점,세븐일레븐
2748,2021-06-30,54000,교통,버스 20,
2749,2021-06-30,43010,쇼핑,온라인,옥션
2750,2021-06-30,7000,식사,돈까스,
2751,2021-06-30,4500,식사,카페,해머스미스
2752,2021-07-01,13000,식사,일식,
2753,2021-07-01,13500,식사,카페,바나프레소
2754,2021-07-01,9700,식사,한식,
2755,2021-07-02,1400,생활,편의점,CU
2756,2021-07-02,48000,기타,,
2757,2021-07-02,17500,식사,디저트,
2758,2021-07-02,8000,식사,한식,
2759,2021-07-03,14400,식사,카페,아이스달달
2760,2021-07-03,40000,생활,헤어,
2761,2021-07-04,10480,쇼핑,온라인,인터파크
2762,2021-07-05,6300,생활,편의점,CU
2763,2021-07-05,26900,쇼핑,온라인,네이버
2764,2021-07-05,9800,식사,카페,해머스미스
2765,2021-07-05,18980,식사,중식,
2766,2021-07-06,8000,식사,한식,
2767,2021-07-07,8000,식사,한식,
2768,2021-07-08,15550,식사,중식,
2769,2021-07-08,35200,교통,택시,
2770,2021-07-08,3600,생활,편의점,CU
2771,2021-07-08,3500,생활,편의점,CU
2772,2021-07-09,5300,생활,편의점,CU
2773,2021-07-09,7400,식사,햄버거,롯데리아
2774,2021-07-10,17000,식사,치킨,자담치킨
2775,2021-07-11,34000,식사,디저트,
2776,2021-07-12,13000,생활,편의점,세븐일레븐
2777,2021-07-12,1300,생활,편의점,세븐일레븐
2778,2021-07-12,57600,통신,,
2779,2021-07-12,-2500,기타,할인,
2780,2021-07-13,5200,생활,편의점,GS25
2781,2021-07-13,3500,식사,카페,바나프레소
2782,2021-07-14,13000,식사,레스토랑,
2783,2021-07-14,1200,생활,편의점,세븐일레븐
2784,2021-07-14,2500,식사,카페,해머스미스
2785,2021-07-14,11600,식사,카페,해머스미스
2786,2021-07-15,9500,식사,카페,해머스미스
2787,2021-07-15,54400,의료,병원,
2788,2021-07-15,-2000,기타,할인,
2789,2021-07-15,55200,교통,버스 21,
2790,2021-07-15,1900,생활,편의점,CU
2791,2021-07-16,30000,식사,햄버거,롯데리아
2792,2021-07-16,10100,식사,카페,해머스미스
2793,2021-07-17,1800,생활,편의점,GS25
2794,2021-07-18,1800,생활,편의점,GS25
2795,2021-07-19,14300,식사,카페,해머스미스
2796,2021-07-20,1700,생활,편의점,CU
2797,2021-07-20,102900,의료,병원,
2798,2021-07-20,100000,의료,병원,
2799,2021-07-20,9700,식사,한식,
2800,2021-07-21,2250,생활,편의점,CU
2801,2021-07-21,6600,식사,카페,해머스미스
2802,2021-07-22,-2500,기타,할인,
2803,2021-07-22,76500,문화,도서,교보문고
2804,2021-07-22,-822,기타,포인트사용,
2805,2021-07-22,4500,생활,편의점,CU
2806,2021-07-22,3500,생활,편의점,CU
2807,2021-07-22,3100,교통,지하철 2,
2808,2021-07-23,6700,생활,편의점,세븐일레븐
2809,2021-07-23,7400,생활,편의점,세븐일레븐
2810,2021-07-23,-7400,생활,편의점,세븐일레븐
2811,2021-07-23,10000,생활,편의점,세븐일레븐
2812,2021-07-23,8600,식사,카페,해머스미스
2813,2021-07-24,15600,생활,마트,웰빙마트
2814,2021-07-26,2150,생활,편의점,CU
2815,2021-07-27,9600,식사,카페,해머스미스
2816,2021-07-27,1700,생활,편의점,세븐일레븐
2817,2021-07-29,60000,문화,도서,교보문고
2818,2021-07-29,-2500,기타,할인,
2819,2021-07-30,1800,식사,카페,스타벅스
2820,2021-07-30,8900,생활,편의점,CU
2821,2021-07-30,45850,교통,버스 17,
2822,2021-07-30,100000,식사,카페,스타벅스
2823,2021-07-30,140000,식사,카페,스타벅스
2824,2021-07-30,3600,생활,편의점,세븐일레븐
2825,2021-07-31,3900,의료,병원,
2826,2021-08-01,13600,식사,카페,아이스달달
2827,2021-08-02,4900,생활,편의점,CU
2828,2021-08-02,2800,생활,편의점,CU
2829,2021-08-02,8500,식사,카페,해머스미스
2830,2021-08-04,-100000,의료,병원,
2831,2021-08-05,3776730,의료,병원,
2832,2021-08-05,21000,의료,약국,
2833,2021-08-07,10500,의료,병원,
2834,2021-08-07,10000,식사,만두,
2835,2021-08-09,14500,식사,만두,
2836,2021-08-09,9800,의료,병원,
2837,2021-08-09,7100,의료,약국,
2838,2021-08-10,9800,의료,병원,
2839,2021-08-10,61000,쇼핑,온라인,네이버
2840,2021-08-11,65300,통신,,
2841,2021-08-11,-2500,기타,할인,
2842,2021-08-13,10050,교통,버스 6,
2843,2021-08-13,-1005,기타,할인,
2844,2021-08-13,11500,의료,병원,
2845,2021-08-14,11900,식사,피자,
2846,2021-08-14,24000,식사,치킨,교촌치킨
2847,2021-08-16,10700,의료,병원,
2848,2021-08-18,4900,의료,병원,
2849,2021-08-18,9900,의료,약국,
2850,2021-08-19,91800,쇼핑,온라인,11번가
2851,2021-08-23,7900,의료,약국,
2852,2021-08-23,21740,생활,마트,홈플러스
2853,2021-08-23,5200,생활,마트,홈플러스
2854,2021-08-23,4350,교통,버스 3,
2855,2021-08-23,-435,기타,할인,
2856,2021-08-23,9800,의료,병원,
2857,2021-08-25,80000,기타,,
2858,2021-08-25,4100,생활,편의점,CU
2859,2021-08-26,1100,생활,편의점,CU
2860,2021-08-26,14000,식사,닭강정,
2861,2021-08-27,1900,생활,편의점,CU
2862,2021-08-27,7700,식사,카페,바나프레소
2863,2021-08-28,6000,식사,떡,
2864,2021-08-28,9500,식사,카페,정지영커피로스터즈
2865,2021-08-30,2600,생활,편의점,CU
2866,2021-08-31,-560,기타,할인,
2867,2021-08-31,2800,생활,편의점,CU
2868,2021-08-31,16650,교통,지하철 10,
2869,2021-08-31,5000,식사,카페,바나프레소
2870,2021-09-01,2900,생활,편의점,CU
2871,2021-09-01,2100,생활,편의점,CU
2872,2021-09-02,2400,생활,편의점,CU
2873,2021-09-02,3500,식사,만두,
2874,2021-09-02,14000,식사,닭강정,
2875,2021-09-03,5500,식사,디저트,
2876,2021-09-03,-12100,의료,약국,
2877,2021-09-03,11800,의료,약국,
2878,2021-09-03,3500,의료,병원,
2879,2021-09-03,12100,의료,약국,
2880,2021-09-04,2900,교통,버스 2,
2881,2021-09-04,-290,기타,할인,
2882,2021-09-04,9800,의료,병원,
2883,2021-09-06,10700,식사,떡볶이,
2884,2021-09-06,1400,생활,편의점,CU
2885,2021-09-06,7000,식사,카페,바나프레소
2886,2021-09-07,2900,생활,편의점,CU
2887,2021-09-07,2800,생활,편의점,CU
2888,2021-09-08,5000,식사,카페,바나프레소
2889,2021-09-08,7200,식사,카페,바나프레소
2890,2021-09-09,9770,쇼핑,온라인,옥션
2891,2021-09-09,3500,식사,한식,
2892,2021-09-09,9800,식사,카페,바나프레소
2893,2021-09-10,1400,생활,편의점,CU
2894,2021-09-10,3300,교통,기차,
2895,2021-09-10,3000,식사,카페,바나프레소
2896,2021-09-11,15000,식사,치킨,굽네치킨
2897,2021-09-11,50000,문화,도서,교보문고
2898,2021-09-11,-2500,기타,할인,
2899,2021-09-11,24120,쇼핑,온라인,티몬
2900,2021-09-12,11900,쇼핑,온라인,옥션
2901,2021-09-13,3200,식사,카페,바나프레소
2902,2021-09-13,3500,식사,만두,
2903,2021-09-13,2800,교통,기차,
2904,2021-09-13,-2500,기타,할인,
2905,2021-09-13,3500,생활,편의점,CU
2906,2021-09-13,57600,통신,,
2907,2021-09-14,3100,생활,편의점,CU
2908,2021-09-14,4000,생활,편의점,GS25
2909,2021-09-15,4200,식사,디저트,
2910,2021-09-15,-1710,기타,할인,
2911,2021-09-15,3500,식사,한식,
2912,2021-09-15,1400,생활,편의점,CU
2913,2021-09-15,38250,교통,지하철 23,
2914,2021-09-16,5000,생활,편의점,CU
2915,2021-09-16,41100,교통,택시,
2916,2021-09-16,55000,문화,도서,교보문고
2917,2021-09-16,-2500,기타,할인,
2918,2021-09-17,14000,식사,닭강정,
2919,2021-09-17,6400,교통,기차,
2920,2021-09-17,4000,식사,카페,바나프레소
2921,2021-09-18,17000,식사,햄버거,롯데리아
2922,2021-09-18,19100,식사,햄버거,롯데리아
2923,2021-09-19,12500,식사,떡,
2924,2021-09-20,119000,생활,전자,애플
2925,2021-09-23,16000,식사,레스토랑,
2926,2021-09-23,2800,교통,기차,
2927,2021-09-23,26000,식사,한식,
2928,2021-09-23,3200,식사,카페,바나프레소
2929,2021-09-23,6500,식사,카페,바나프레소
2930,2021-09-24,2700,식사,카페,바나프레소
2931,2021-09-25,9250,생활,편의점,세븐일레븐
2932,2021-09-25,9800,생활,마트,노브랜드
2933,2021-09-28,4500,식사,카페,바나프레소
2934,2021-09-28,6700,식사,카페,바나프레소
2935,2021-09-28,2800,생활,편의점,GS25
2936,2021-09-29,2000,교통,기차,
2937,2021-09-29,3700,식사,카페,바나프레소
2938,2021-09-30,21700,교통,지하철 13,
2939,2021-09-30,3500,식사,만두,
2940,2021-09-30,3100,생활,편의점,CU
2941,2021-09-30,7900,생활,편의점,CU
2942,2021-10-02,11900,식사,피자,
2943,2021-10-02,14000,식사,닭강정,
2944,2021-10-05,2800,생활,편의점,CU
2945,2021-10-05,2400,생활,편의점,CU
2946,2021-10-05,3200,식사,카페,바나프레소
2947,2021-10-06,5400,생활,편의점,CU
2948,2021-10-06,3700,식사,카페,바나프레소
2949,2021-10-07,4100,교통,기차,
2950,2021-10-07,3200,식사,카페,바나프레소
2951,2021-10-08,1500,식사,카페,스타벅스
2952,2021-10-09,6200,생활,편의점,교내편의점
2953,2021-10-11,3200,생활,편의점,GS25
2954,2021-10-11,72000,문화,게임,
2955,2021-10-11,3400,생활,편의점,CU
2956,2021-10-12,57600,통신,,
2957,2021-10-12,-2500,기타,할인,
2958,2021-10-12,42000,기타,,
2959,2021-10-12,6500,식사,떡볶이,
2960,2021-10-12,5200,식사,카페,바나프레소
2961,2021-10-13,6500,식사,떡볶이,
2962,2021-10-13,3500,식사,카페,바나프레소
2963,2021-10-14,3200,식사,카페,바나프레소
2964,2021-10-14,1500,생활,편의점,GS25
2965,2021-10-15,4000,식사,카페,바나프레소
2966,2021-10-15,2000,교통,기차,
2967,2021-10-15,-2000,기타,할인,
2968,2021-10-15,32300,교통,지하철 19,
2969,2021-10-16,24000,식사,일식,
2970,2021-10-16,15990,생활,마트,다마트
2971,2021-10-17,13300,생활,편의점,교내편의점
2972,2021-10-18,2000,식사,카페,스타벅스
2973,2021-10-19,4100,교통,기차,
2974,2021-10-19,3700,식사,카페,바나프레소
2975,2021-10-20,2800,생활,편의점,CU
2976,2021-10-20,4000,식사,만두,
2977,2021-10-21,4000,식사,카페,바나프레소
2978,2021-10-22,3200,식사,카페,바나프레소
2979,2021-10-23,28000,식사,일식,
2980,2021-10-24,11900,식사,피자,
2981,2021-10-24,8700,생활,편의점,교내편의점
2982,2021-10-24,4000,생활,편의점,GS25
2983,2021-10-26,5700,식사,카페,바나프레소
2984,2021-10-27,4700,식사,카페,바나프레소
2985,2021-10-28,5200,식사,카페,바나프레소
2986,2021-10-29,32200,교통,지하철 19,
2987,2021-10-29,4200,식사,카페,바나프레소
2988,2021-10-29,6500,식사,카페,바나프레소
2989,2021-10-30,4300,의료,병원,
2990,2021-10-30,4000,의료,약국,
2991,2021-11-01,9900,식사,햄버거,버거킹
2992,2021-11-01,2500,의료,약국,
2993,2021-11-02,1500,식사,카페,스타벅스
2994,2021-11-02,17000,식사,구이,
2995,2021-11-04,9500,식사,일식,
2996,2021-11-04,3000,식사,카페,바나프레소
2997,2021-11-05,99000,쇼핑,온라인,네이버
2998,2021-11-05,23000,식사,돈까스,
2999,2021-11-05,11000,식사,카페,커피빈
3000,2021-11-07,949000,생활,전자,삼성
3001,2021-11-08,2900,생활,편의점,CU
3002,2021-11-09,17000,식사,구이,
3003,2021-11-09,1000,식사,카페,바나프레소
3004,2021-11-10,11600,식사,카페,커피빈
3005,2021-11-11,9400,식사,카페,할리스
3006,2021-11-11,-280,기타,할인,
3007,2021-11-11,2800,교통,버스 1,
3008,2021-11-11,-2500,기타,할인,
3009,2021-11-11,57600,통신,,
3010,2021-11-15,25500,교통,지하철 18,
3011,2021-11-15,-1720,기타,할인,
3012,2021-11-15,10100,식사,디저트,
3013,2021-11-16,1500,생활,편의점,GS25
3014,2021-11-18,1700,식사,카페,스타벅스
3015,2021-11-19,1700,식사,카페,스타벅스
3016,2021-11-23,500,식사,카페,스타벅스
3017,2021-11-27,47100,교통,지하철 35,
3018,2021-11-27,2800,교통,버스 1,
3019,2021-11-27,11900,식사,피자,
3020,2021-11-27,14000,식사,닭강정,
3021,2021-11-27,77500,식사,한식,
3022,2021-11-28,5800,식사,카페,서기커피
3023,2021-11-30,51240,쇼핑,온라인,11번가
3024,2021-12-01,40000,의료,병원,
3025,2021-12-04,3850,교통,지하철 3,
3026,2021-12-04,-385,기타,할인,
3027,2021-12-04,25100,문화,도서,북스리브로
3028,2021-12-07,37270,쇼핑,온라인,티몬
3029,2021-12-10,850300,생활,전자,LG
3030,2021-12-12,40000,쇼핑,온라인,네이버
3031,2021-12-13,56440,통신,,
3032,2021-12-13,-2500,기타,할인,
3033,2021-12-15,300,생활,SMS,
3034,2021-12-18,14000,식사,닭강정,
3035,2021-12-24,11900,식사,피자,
3036,2021-12-24,14000,식사,닭강정,
3037,2021-12-26,51330,쇼핑,온라인,11번가
3038,2021-12-31,14000,식사,닭강정,
